execution_id,order_id,product_id,account_id,trader_id,side,price,quantity,execution_date,execution_time,venue_mic,exec_type,capacity
EXE-000006,ORD-000006,JPM,ACC-021,TRD-003,BUY,171.0336,200,2024-01-02,09:11:30.503,XNYS,FILL,AGENCY
EXE-000003,ORD-000003,CVX,ACC-024,TRD-001,SELL,151.0326,100,2024-01-02,09:24:59.641,XNYS,FILL,AGENCY
EXE-000008,ORD-000008,NVDA_C500,ACC-037,TRD-002,SELL,130.2087,50,2024-01-02,11:35:04.453,XCBO,FILL,AGENCY
EXE-000001,ORD-000001,GS,ACC-019,TRD-039,BUY,377.4712,150,2024-01-02,12:20:13.521,XNYS,FILL,AGENCY
EXE-000002,ORD-000002,HD,ACC-067,TRD-021,SELL,356.148,50,2024-01-02,12:50:15.287,XNYS,FILL,AGENCY
EXE-000013,ORD-000013,EURUSD,ACC-006,TRD-015,BUY,1.0869,300,2024-01-02,12:53:16.563,XXXX,FILL,AGENCY
EXE-000007,ORD-000007,WFC,ACC-042,TRD-028,BUY,49.3939,200,2024-01-02,14:03:03.911,XNYS,FILL,AGENCY
EXE-000011,ORD-000011,GBPUSD,ACC-013,TRD-018,BUY,1.2645,100,2024-01-02,14:20:26.048,XXXX,FILL,AGENCY
EXE-000012,ORD-000012,EURUSD,ACC-048,TRD-010,BUY,1.0867,100,2024-01-02,14:32:38.009,XXXX,FILL,AGENCY
EXE-000009,ORD-000009,GC_FUT,ACC-023,TRD-007,SELL,2058.5328,5,2024-01-02,14:46:14.316,XCME,FILL,AGENCY
EXE-000010,ORD-000010,NQ_FUT,ACC-001,TRD-006,BUY,16898.8967,5,2024-01-02,14:47:54.203,XCME,FILL,AGENCY
EXE-000005,ORD-000005,WFC,ACC-020,TRD-006,BUY,49.4804,500,2024-01-02,14:59:47.394,XNYS,FILL,AGENCY
EXE-000004,ORD-000004,MA,ACC-021,TRD-049,BUY,429.646,200,2024-01-02,15:43:11.369,XNYS,FILL,AGENCY
EXE-000017,ORD-000017,CVX,ACC-094,TRD-046,SELL,150.4734,300,2024-01-03,10:55:06.316,XNYS,FILL,AGENCY
EXE-000018,ORD-000018,CVX,ACC-044,TRD-025,BUY,150.153,500,2024-01-03,10:56:16.062,XNYS,FILL,AGENCY
EXE-000024,ORD-000024,GC_FUT,ACC-019,TRD-003,SELL,2006.8417,10,2024-01-03,11:34:10.246,XCME,FILL,AGENCY
EXE-000016,ORD-000016,HD,ACC-043,TRD-012,SELL,359.5918,200,2024-01-03,11:35:33.450,XNYS,FILL,AGENCY
EXE-000026,ORD-000026,AUDUSD,ACC-028,TRD-011,BUY,0.6682,500,2024-01-03,12:24:02.707,XXXX,FILL,AGENCY
EXE-000015,ORD-000015,WFC,ACC-085,TRD-041,SELL,49.0097,100,2024-01-03,12:32:46.394,XNYS,FILL,AGENCY
EXE-000021,ORD-000021,AMZN_C180,ACC-046,TRD-022,SELL,10.3375,5,2024-01-03,12:38:17.785,XCBO,FILL,AGENCY
EXE-000023,ORD-000023,ES_FUT,ACC-030,TRD-002,BUY,4769.4181,1,2024-01-03,12:41:30.952,XCME,FILL,AGENCY
EXE-000020,ORD-000020,AMZN_C180,ACC-006,TRD-014,SELL,10.3101,20,2024-01-03,12:49:17.434,XCBO,FILL,AGENCY
EXE-000025,ORD-000025,ZB_FUT,ACC-016,TRD-005,SELL,121.8477,10,2024-01-03,13:34:08.544,XCME,FILL,AGENCY
EXE-000022,ORD-000022,NVDA_C500,ACC-012,TRD-011,BUY,131.4262,5,2024-01-03,13:49:59.344,XCBO,FILL,AGENCY
EXE-000027,ORD-000027,AUDUSD,ACC-042,TRD-020,SELL,0.6678,300,2024-01-03,14:03:22.945,XXXX,FILL,AGENCY
EXE-000014,ORD-000014,JPM,ACC-012,TRD-038,SELL,167.4028,300,2024-01-03,14:06:44.078,XNYS,FILL,AGENCY
EXE-000028,ORD-000028,USDCHF,ACC-028,TRD-004,SELL,0.8364,200,2024-01-03,14:56:26.730,XXXX,FILL,AGENCY
EXE-000019,ORD-000019,HD,ACC-075,TRD-022,BUY,359.9571,150,2024-01-03,15:52:26.551,XNYS,FILL,AGENCY
EXE-000032,ORD-000032,DIS,ACC-080,TRD-050,SELL,91.1586,50,2024-01-04,09:00:50.218,XNYS,FILL,AGENCY
EXE-000035,ORD-000035,HD,ACC-024,TRD-006,SELL,373.0612,300,2024-01-04,10:11:02.617,XNYS,FILL,AGENCY
EXE-000041,ORD-000041,AUDUSD,ACC-003,TRD-018,SELL,0.675,50,2024-01-04,10:12:08.482,XXXX,FILL,AGENCY
EXE-000029,ORD-000029,HD,ACC-055,TRD-047,BUY,373.6349,500,2024-01-04,10:36:11.567,XNYS,FILL,AGENCY
EXE-000034,ORD-000034,NKE,ACC-052,TRD-006,SELL,108.3308,100,2024-01-04,11:09:59.210,XNYS,FILL,AGENCY
EXE-000043,ORD-000043,ZB_FUT,ACC-036,TRD-009,SELL,120.6373,5,2024-01-04,11:10:40.049,XCME,FILL,AGENCY
EXE-000036,ORD-000036,AMZN_C180,ACC-029,TRD-019,SELL,10.3311,10,2024-01-04,12:00:27.204,XCBO,FILL,AGENCY
EXE-000040,ORD-000040,AUDUSD,ACC-038,TRD-016,BUY,0.6745,500,2024-01-04,12:28:16.971,XXXX,FILL,AGENCY
EXE-000042,ORD-000042,USDJPY,ACC-011,TRD-014,BUY,145.3204,100,2024-01-04,12:33:53.915,XXXX,FILL,AGENCY
EXE-000038,ORD-000038,GC_FUT,ACC-009,TRD-009,BUY,1998.6532,2,2024-01-04,12:35:39.307,XCME,FILL,AGENCY
EXE-000031,ORD-000031,GS,ACC-053,TRD-033,SELL,386.4741,100,2024-01-04,12:40:06.833,XNYS,FILL,AGENCY
EXE-000037,ORD-000037,NQ_FUT,ACC-001,TRD-014,SELL,16637.4366,1,2024-01-04,13:06:27.202,XCME,FILL,AGENCY
EXE-000039,ORD-000039,ES_FUT,ACC-023,TRD-009,BUY,4852.6466,10,2024-01-04,13:49:09.975,XCME,FILL,AGENCY
EXE-000030,ORD-000030,UNH,ACC-009,TRD-022,BUY,527.0429,150,2024-01-04,14:59:43.608,XNYS,FILL,AGENCY
EXE-000033,ORD-000033,BAC,ACC-074,TRD-009,BUY,34.5568,150,2024-01-04,15:59:12.246,XNYS,FILL,AGENCY
EXE-000049,ORD-000049,BAC,ACC-038,TRD-040,SELL,34.691,50,2024-01-05,09:08:46.287,XNYS,FILL,AGENCY
EXE-000059,ORD-000059,EURUSD,ACC-043,TRD-005,SELL,1.133,50,2024-01-05,09:12:56.746,XXXX,FILL,AGENCY
EXE-000062,ORD-000062,ZB_FUT,ACC-025,TRD-010,SELL,118.4004,5,2024-01-05,09:17:40.542,XCME,FILL,AGENCY
EXE-000044,ORD-000044,HD,ACC-009,TRD-018,SELL,375.5611,300,2024-01-05,09:21:53.314,XNYS,FILL,AGENCY
EXE-000055,ORD-000055,TSLA_C250,ACC-044,TRD-024,BUY,15.4888,50,2024-01-05,10:39:46.074,XCBO,FILL,AGENCY
EXE-000060,ORD-000060,USDJPY,ACC-010,TRD-001,SELL,146.7166,50,2024-01-05,10:56:19.670,XXXX,FILL,AGENCY
EXE-000048,ORD-000048,COP,ACC-081,TRD-029,SELL,105.0283,500,2024-01-05,11:06:06.998,XNYS,FILL,AGENCY
EXE-000045,ORD-000045,JNJ,ACC-073,TRD-005,SELL,162.8251,500,2024-01-05,11:29:54.284,XNYS,FILL,AGENCY
EXE-000051,ORD-000051,COST,ACC-091,TRD-037,BUY,713.1559,300,2024-01-05,11:45:08.284,XNAS,FILL,AGENCY
EXE-000061,ORD-000061,USDCHF,ACC-033,TRD-010,SELL,0.8134,50,2024-01-05,12:26:45.716,XXXX,FILL,AGENCY
EXE-000056,ORD-000056,ES_FUT,ACC-009,TRD-004,SELL,4785.2023,1,2024-01-05,12:30:10.327,XCME,FILL,AGENCY
EXE-000046,ORD-000046,META,ACC-059,TRD-012,BUY,360.8195,300,2024-01-05,12:35:21.238,XNAS,FILL,AGENCY
EXE-000052,ORD-000052,MA,ACC-014,TRD-019,BUY,418.0214,300,2024-01-05,12:44:23.386,XNYS,FILL,AGENCY
EXE-000058,ORD-000058,AUDUSD,ACC-054,TRD-005,BUY,0.6796,300,2024-01-05,13:35:34.617,XXXX,FILL,AGENCY
EXE-000047,ORD-000047,NVDA,ACC-017,TRD-044,SELL,623.9982,500,2024-01-05,13:49:49.967,XNAS,FILL,AGENCY
EXE-000057,ORD-000057,NQ_FUT,ACC-026,TRD-002,SELL,16782.4733,10,2024-01-05,14:04:35.472,XCME,FILL,AGENCY
EXE-000050,ORD-000050,XOM,ACC-004,TRD-040,SELL,101.9935,500,2024-01-05,14:41:38.763,XNYS,FILL,AGENCY
EXE-000054,ORD-000054,AAPL_C150,ACC-025,TRD-007,SELL,33.8209,20,2024-01-05,14:44:40.414,XCBO,FILL,AGENCY
EXE-000053,ORD-000053,NVDA_C500,ACC-024,TRD-003,SELL,132.164,5,2024-01-05,15:28:24.145,XCBO,FILL,AGENCY
EXE-000071,ORD-000071,NVDA_C500,ACC-010,TRD-013,SELL,133.8756,5,2024-01-08,09:42:55.742,XCBO,FILL,AGENCY
EXE-000069,ORD-000069,PFE,ACC-004,TRD-044,BUY,28.2354,150,2024-01-08,09:50:42.311,XNYS,FILL,AGENCY
EXE-000075,ORD-000075,USDJPY,ACC-005,TRD-005,BUY,147.9807,500,2024-01-08,10:59:50.159,XXXX,FILL,AGENCY
EXE-000065,ORD-000065,MS,ACC-033,TRD-045,BUY,95.8822,300,2024-01-08,11:03:42.317,XNYS,FILL,AGENCY
EXE-000074,ORD-000074,AUDUSD,ACC-009,TRD-012,SELL,0.6819,100,2024-01-08,12:00:48.539,XXXX,FILL,AGENCY
EXE-000077,ORD-000077,USDJPY,ACC-047,TRD-008,SELL,148.1603,500,2024-01-08,12:03:41.952,XXXX,FILL,AGENCY
EXE-000073,ORD-000073,ES_FUT,ACC-002,TRD-002,SELL,4823.3611,2,2024-01-08,12:08:14.408,XCME,FILL,AGENCY
EXE-000067,ORD-000067,JPM,ACC-006,TRD-004,SELL,165.4132,200,2024-01-08,12:11:10.754,XNYS,FILL,AGENCY
EXE-000063,ORD-000063,MSFT,ACC-083,TRD-027,SELL,367.0871,200,2024-01-08,12:29:22.295,XNAS,FILL,AGENCY
EXE-000072,ORD-000072,GC_FUT,ACC-027,TRD-008,BUY,2087.8085,2,2024-01-08,13:06:20.373,XCME,FILL,AGENCY
EXE-000076,ORD-000076,GBPUSD,ACC-010,TRD-009,BUY,1.2712,200,2024-01-08,13:30:36.098,XXXX,FILL,AGENCY
EXE-000070,ORD-000070,MSFT,ACC-076,TRD-016,BUY,367.0455,500,2024-01-08,13:42:51.366,XNAS,FILL,AGENCY
EXE-000066,ORD-000066,GS,ACC-041,TRD-002,SELL,374.8728,50,2024-01-08,13:50:30.961,XNYS,FILL,AGENCY
EXE-000064,ORD-000064,PFE,ACC-069,TRD-036,BUY,28.1431,200,2024-01-08,14:28:27.464,XNYS,FILL,AGENCY
EXE-000068,ORD-000068,NKE,ACC-099,TRD-001,BUY,106.2289,200,2024-01-08,14:53:37.123,XNYS,FILL,AGENCY
EXE-000091,ORD-000091,GBPUSD,ACC-018,TRD-013,BUY,1.26,50,2024-01-09,09:19:57.508,XXXX,FILL,AGENCY
EXE-000084,ORD-000084,GS,ACC-023,TRD-031,BUY,386.4628,500,2024-01-09,09:35:29.017,XNYS,FILL,AGENCY
EXE-000082,ORD-000082,GOOGL,ACC-022,TRD-006,SELL,140.1778,150,2024-01-09,10:39:11.331,XNAS,FILL,AGENCY
EXE-000081,ORD-000081,AMZN,ACC-091,TRD-050,SELL,187.0744,500,2024-01-09,11:59:44.376,XNAS,FILL,AGENCY
EXE-000089,ORD-000089,GC_FUT,ACC-008,TRD-015,BUY,2099.5277,1,2024-01-09,12:05:38.732,XCME,FILL,AGENCY
EXE-000083,ORD-000083,CVX,ACC-093,TRD-049,BUY,156.7292,500,2024-01-09,12:24:40.429,XNYS,FILL,AGENCY
EXE-000088,ORD-000088,TSLA_P200,ACC-008,TRD-016,BUY,8.4081,50,2024-01-09,12:54:10.851,XCBO,FILL,AGENCY
EXE-000086,ORD-000086,META,ACC-079,TRD-032,SELL,359.6637,150,2024-01-09,13:41:09.653,XNAS,FILL,AGENCY
EXE-000087,ORD-000087,TSLA,ACC-013,TRD-033,BUY,249.4693,100,2024-01-09,14:16:45.384,XNAS,FILL,AGENCY
EXE-000079,ORD-000079,HD,ACC-077,TRD-031,BUY,386.3791,150,2024-01-09,14:43:38.700,XNYS,FILL,AGENCY
EXE-000090,ORD-000090,USDCAD,ACC-007,TRD-002,SELL,1.3523,150,2024-01-09,14:49:46.115,XXXX,FILL,AGENCY
EXE-000078,ORD-000078,JNJ,ACC-046,TRD-049,SELL,152.7491,500,2024-01-09,15:01:37.183,XNYS,FILL,AGENCY
EXE-000092,ORD-000092,ZB_FUT,ACC-030,TRD-009,SELL,119.7894,10,2024-01-09,15:12:30.436,XCME,FILL,AGENCY
EXE-000085,ORD-000085,CVX,ACC-036,TRD-030,BUY,156.7498,150,2024-01-09,15:37:02.977,XNYS,FILL,AGENCY
EXE-000080,ORD-000080,COST,ACC-064,TRD-027,BUY,719.4109,150,2024-01-09,15:53:31.853,XNAS,FILL,AGENCY
EXE-000098,ORD-000098,GS,ACC-030,TRD-048,SELL,394.3388,50,2024-01-10,09:02:00.690,XNYS,FILL,AGENCY
EXE-000752,ORD-000757,JPM,ACC-131,TRD-033,BUY,174.8,200,2024-01-10,09:30:08.950,XNYS,FILL,AGENCY
EXE-000753,ORD-000758,JPM,ACC-131,TRD-033,SELL,175.2,800,2024-01-10,09:31:00.869,XNYS,FILL,AGENCY
EXE-000101,ORD-000101,ES_FUT,ACC-007,TRD-014,BUY,4659.9828,5,2024-01-10,09:44:41.541,XCME,FILL,AGENCY
EXE-000096,ORD-000096,JPM,ACC-047,TRD-003,BUY,164.4292,300,2024-01-10,10:00:31.102,XNYS,FILL,AGENCY
EXE-000100,ORD-000100,AAPL_C150,ACC-050,TRD-022,SELL,34.734,5,2024-01-10,11:19:03.982,XCBO,FILL,AGENCY
EXE-000097,ORD-000097,UNH,ACC-076,TRD-025,BUY,519.7096,50,2024-01-10,11:29:02.147,XNYS,FILL,AGENCY
EXE-000102,ORD-000102,AUDUSD,ACC-034,TRD-016,SELL,0.6728,500,2024-01-10,12:58:31.114,XXXX,FILL,AGENCY
EXE-000093,ORD-000093,META,ACC-091,TRD-010,BUY,355.3462,200,2024-01-10,13:37:30.267,XNAS,FILL,AGENCY
EXE-000095,ORD-000095,HD,ACC-100,TRD-041,SELL,380.6814,150,2024-01-10,14:33:19.088,XNYS,FILL,PRINCIPAL
EXE-000094,ORD-000094,XOM,ACC-097,TRD-045,BUY,100.4588,50,2024-01-10,14:56:43.272,XNYS,FILL,AGENCY
EXE-000103,ORD-000103,AUDUSD,ACC-006,TRD-016,BUY,0.6721,200,2024-01-10,15:38:13.356,XXXX,FILL,AGENCY
EXE-000099,ORD-000099,NKE,ACC-059,TRD-023,SELL,104.9164,200,2024-01-10,15:50:22.931,XNYS,FILL,AGENCY
EXE-000111,ORD-000111,AMZN_C180,ACC-023,TRD-010,BUY,10.2353,50,2024-01-11,09:52:05.356,XCBO,FILL,AGENCY
EXE-000115,ORD-000115,EURUSD,ACC-053,TRD-012,BUY,1.1752,150,2024-01-11,10:05:28.108,XXXX,FILL,AGENCY
EXE-000110,ORD-000110,AAPL,ACC-044,TRD-009,BUY,187.8775,100,2024-01-11,10:14:01.400,XNYS,FILL,AGENCY
EXE-000105,ORD-000105,CVX,ACC-004,TRD-040,SELL,153.7637,100,2024-01-11,11:18:52.071,XNYS,FILL,AGENCY
EXE-000108,ORD-000108,HD,ACC-029,TRD-033,BUY,376.7123,300,2024-01-11,11:34:43.331,XNYS,FILL,AGENCY
EXE-000114,ORD-000114,CL_FUT,ACC-020,TRD-005,BUY,76.6592,2,2024-01-11,13:00:12.237,XCME,FILL,AGENCY
EXE-000117,ORD-000117,ZB_FUT,ACC-009,TRD-006,BUY,120.5852,2,2024-01-11,13:20:17.236,XCME,FILL,AGENCY
EXE-000106,ORD-000106,GOOGL,ACC-056,TRD-015,BUY,144.2816,200,2024-01-11,13:31:06.670,XNAS,FILL,AGENCY
EXE-000112,ORD-000112,AMZN_C180,ACC-005,TRD-022,BUY,10.2143,50,2024-01-11,13:49:21.939,XCBO,FILL,AGENCY
EXE-000113,ORD-000113,GC_FUT,ACC-030,TRD-001,BUY,2142.821,2,2024-01-11,15:04:50.373,XCME,FILL,AGENCY
EXE-000109,ORD-000109,MA,ACC-040,TRD-044,SELL,402.4829,200,2024-01-11,15:07:57.843,XNYS,FILL,AGENCY
EXE-000116,ORD-000116,GBPUSD,ACC-011,TRD-001,BUY,1.2687,50,2024-01-11,15:10:23.891,XXXX,FILL,AGENCY
EXE-000107,ORD-000107,AAPL,ACC-052,TRD-025,BUY,187.6792,50,2024-01-11,15:34:00.607,XNYS,FILL,AGENCY
EXE-000104,ORD-000104,JNJ,ACC-042,TRD-005,BUY,154.7951,50,2024-01-11,15:42:44.003,XNYS,FILL,AGENCY
EXE-000126,ORD-000126,COST,ACC-095,TRD-008,SELL,696.3076,150,2024-01-12,09:35:52.884,XNAS,FILL,AGENCY
EXE-000132,ORD-000132,USDCHF,ACC-017,TRD-003,BUY,0.8281,50,2024-01-12,10:40:04.964,XXXX,FILL,AGENCY
EXE-000121,ORD-000121,DIS,ACC-062,TRD-012,SELL,94.4773,200,2024-01-12,10:54:01.118,XNYS,FILL,AGENCY
EXE-000136,ORD-000136,ZB_FUT,ACC-018,TRD-002,BUY,119.345,10,2024-01-12,11:29:33.776,XCME,FILL,AGENCY
EXE-000124,ORD-000124,CVX,ACC-064,TRD-046,BUY,153.6764,200,2024-01-12,12:09:21.157,XNYS,FILL,AGENCY
EXE-000131,ORD-000131,ES_FUT,ACC-003,TRD-009,BUY,4595.3444,5,2024-01-12,13:08:39.639,XCME,FILL,AGENCY
EXE-000135,ORD-000135,USDCHF,ACC-038,TRD-003,SELL,0.8277,50,2024-01-12,13:17:31.981,XXXX,FILL,AGENCY
EXE-000129,ORD-000129,ZB_FUT,ACC-018,TRD-013,SELL,119.3374,2,2024-01-12,13:22:44.005,XCME,FILL,AGENCY
EXE-000134,ORD-000134,GBPUSD,ACC-008,TRD-014,SELL,1.2668,500,2024-01-12,13:39:05.567,XXXX,FILL,AGENCY
EXE-000127,ORD-000127,TSLA_P200,ACC-028,TRD-003,BUY,8.795,20,2024-01-12,14:06:10.733,XCBO,FILL,AGENCY
EXE-000122,ORD-000122,CVX,ACC-095,TRD-038,BUY,153.3815,150,2024-01-12,14:11:17.902,XNYS,FILL,AGENCY
EXE-000133,ORD-000133,GBPUSD,ACC-045,TRD-012,SELL,1.2628,200,2024-01-12,14:18:39.563,XXXX,FILL,AGENCY
EXE-000130,ORD-000130,ZB_FUT,ACC-020,TRD-009,SELL,119.4324,2,2024-01-12,14:28:21.066,XCME,FILL,AGENCY
EXE-000120,ORD-000120,AAPL,ACC-077,TRD-045,SELL,189.8408,100,2024-01-12,14:32:05.137,XNYS,FILL,AGENCY
EXE-000128,ORD-000128,AMZN_C180,ACC-027,TRD-005,SELL,10.2337,5,2024-01-12,14:46:03.791,XCBO,FILL,AGENCY
EXE-000123,ORD-000123,HD,ACC-029,TRD-014,BUY,383.7223,150,2024-01-12,14:46:28.586,XNYS,FILL,AGENCY
EXE-000119,ORD-000119,CVX,ACC-049,TRD-004,BUY,153.0746,300,2024-01-12,15:19:54.387,XNYS,FILL,AGENCY
EXE-000118,ORD-000118,MS,ACC-063,TRD-011,BUY,97.1183,500,2024-01-12,15:30:01.615,XNYS,FILL,AGENCY
EXE-000125,ORD-000125,DIS,ACC-073,TRD-022,BUY,94.582,150,2024-01-12,15:57:19.007,XNYS,FILL,AGENCY
EXE-000151,ORD-000151,USDJPY,ACC-054,TRD-002,BUY,141.6498,50,2024-01-15,09:03:42.674,XXXX,FILL,AGENCY
EXE-000141,ORD-000141,JPM,ACC-093,TRD-005,BUY,168.8377,100,2024-01-15,09:13:26.580,XNYS,FILL,AGENCY
EXE-000669,ORD-000669,AAPL,ACC-101,TRD-026,BUY,185.0,500,2024-01-15,09:35:12.531,XNYS,FILL,PRINCIPAL
EXE-000670,ORD-000670,AAPL,ACC-101,TRD-026,BUY,185.05,300,2024-01-15,10:15:44.466,XNYS,FILL,PRINCIPAL
EXE-000144,ORD-000144,AMZN_C180,ACC-030,TRD-016,SELL,10.0027,20,2024-01-15,10:37:14.931,XCBO,FILL,AGENCY
EXE-000671,ORD-000671,AAPL,ACC-101,TRD-026,SELL,185.02,480,2024-01-15,11:30:22.278,XNYS,FILL,PRINCIPAL
EXE-000150,ORD-000150,EURUSD,ACC-046,TRD-001,BUY,1.1781,300,2024-01-15,11:35:13.351,XXXX,FILL,AGENCY
EXE-000143,ORD-000143,HD,ACC-061,TRD-012,SELL,380.5685,100,2024-01-15,11:56:32.586,XNYS,FILL,AGENCY
EXE-000140,ORD-000140,GS,ACC-094,TRD-023,SELL,395.242,500,2024-01-15,12:35:34.509,XNYS,FILL,AGENCY
EXE-000148,ORD-000148,USDCAD,ACC-044,TRD-015,SELL,1.4129,50,2024-01-15,13:55:25.649,XXXX,FILL,AGENCY
EXE-000139,ORD-000139,XOM,ACC-028,TRD-019,SELL,101.6213,150,2024-01-15,14:00:33.407,XNYS,FILL,AGENCY
EXE-000672,ORD-000672,AAPL,ACC-101,TRD-026,SELL,184.98,310,2024-01-15,14:00:55.468,XNYS,FILL,PRINCIPAL
EXE-000138,ORD-000138,BAC,ACC-011,TRD-001,SELL,34.4462,500,2024-01-15,14:01:22.006,XNYS,FILL,AGENCY
EXE-000147,ORD-000147,NQ_FUT,ACC-019,TRD-002,BUY,17296.0705,2,2024-01-15,14:02:43.821,XCME,FILL,AGENCY
EXE-000137,ORD-000137,AMZN,ACC-083,TRD-011,BUY,187.9204,300,2024-01-15,14:13:11.506,XNAS,FILL,AGENCY
EXE-000145,ORD-000145,NVDA_C500,ACC-031,TRD-007,BUY,127.8692,20,2024-01-15,14:34:05.739,XCBO,FILL,AGENCY
EXE-000149,ORD-000149,AUDUSD,ACC-029,TRD-011,SELL,0.677,500,2024-01-15,14:47:11.658,XXXX,FILL,AGENCY
EXE-000142,ORD-000142,WFC,ACC-005,TRD-044,SELL,46.3772,50,2024-01-15,15:32:21.262,XNYS,FILL,AGENCY
EXE-000152,ORD-000152,ZB_FUT,ACC-033,TRD-007,SELL,120.2983,2,2024-01-15,15:33:35.339,XCME,FILL,AGENCY
EXE-000146,ORD-000146,TSLA_P200,ACC-013,TRD-002,SELL,8.7056,10,2024-01-15,15:48:53.600,XCBO,FILL,AGENCY
EXE-000758,ORD-000778,ES_FUT,ACC-134,TRD-034,SELL,4800.5,5,2024-01-16,09:31:05.994,XCME,FILL,AGENCY
EXE-000759,ORD-000779,ES_FUT,ACC-134,TRD-034,BUY,4795.0,20,2024-01-16,09:32:00.286,XCME,FILL,AGENCY
EXE-000156,ORD-000156,GOOGL,ACC-097,TRD-034,SELL,138.5026,150,2024-01-16,10:09:33.862,XNAS,FILL,AGENCY
EXE-000157,ORD-000157,V,ACC-091,TRD-033,SELL,244.161,500,2024-01-16,10:19:27.308,XNYS,FILL,AGENCY
EXE-000169,ORD-000169,EURUSD,ACC-016,TRD-008,SELL,1.1751,300,2024-01-16,10:27:43.860,XXXX,FILL,AGENCY
EXE-000168,ORD-000168,EURUSD,ACC-040,TRD-020,SELL,1.1747,50,2024-01-16,10:44:05.058,XXXX,FILL,AGENCY
EXE-000164,ORD-000164,NVDA_C500,ACC-041,TRD-005,SELL,129.3358,5,2024-01-16,10:51:03.827,XCBO,FILL,AGENCY
EXE-000153,ORD-000153,COST,ACC-086,TRD-023,SELL,695.0517,200,2024-01-16,12:31:31.332,XNAS,FILL,AGENCY
EXE-000158,ORD-000158,PFE,ACC-035,TRD-003,SELL,27.8402,500,2024-01-16,12:42:43.203,XNYS,FILL,AGENCY
EXE-000167,ORD-000167,GC_FUT,ACC-016,TRD-007,BUY,2250.2616,10,2024-01-16,12:42:49.972,XCME,FILL,AGENCY
EXE-000159,ORD-000159,BAC,ACC-089,TRD-040,BUY,34.2865,150,2024-01-16,12:56:07.361,XNYS,FILL,AGENCY
EXE-000161,ORD-000161,BAC,ACC-046,TRD-035,SELL,34.2925,500,2024-01-16,13:11:21.282,XNYS,FILL,AGENCY
EXE-000155,ORD-000155,CVX,ACC-047,TRD-038,SELL,156.2577,300,2024-01-16,13:26:53.497,XNYS,FILL,AGENCY
EXE-000170,ORD-000170,AUDUSD,ACC-054,TRD-013,BUY,0.6743,200,2024-01-16,13:39:54.422,XXXX,FILL,AGENCY
EXE-000166,ORD-000166,NQ_FUT,ACC-019,TRD-009,BUY,16890.2528,1,2024-01-16,14:01:33.420,XCME,FILL,AGENCY
EXE-000165,ORD-000165,GC_FUT,ACC-010,TRD-003,BUY,2245.962,1,2024-01-16,14:06:16.628,XCME,FILL,AGENCY
EXE-000154,ORD-000154,COP,ACC-086,TRD-032,BUY,112.1896,300,2024-01-16,14:23:09.570,XNYS,FILL,AGENCY
EXE-000163,ORD-000163,AMZN_C180,ACC-043,TRD-011,BUY,10.1438,5,2024-01-16,14:40:39.941,XCBO,FILL,AGENCY
EXE-000171,ORD-000171,ZB_FUT,ACC-008,TRD-001,SELL,123.2097,1,2024-01-16,15:23:32.819,XCME,FILL,AGENCY
EXE-000160,ORD-000160,V,ACC-048,TRD-020,BUY,244.1228,300,2024-01-16,15:46:36.031,XNYS,FILL,AGENCY
EXE-000162,ORD-000162,NVDA_C500,ACC-002,TRD-016,BUY,129.2689,5,2024-01-16,15:48:12.931,XCBO,FILL,AGENCY
EXE-000181,ORD-000181,NVDA_C500,ACC-007,TRD-006,SELL,132.8171,5,2024-01-17,09:00:04.169,XCBO,FILL,AGENCY
EXE-000685,ORD-000685,EURUSD,ACC-105,TRD-028,BUY,1.095,100000,2024-01-17,09:32:15.250,XXXX,FILL,PRINCIPAL
EXE-000686,ORD-000686,EURUSD,ACC-105,TRD-028,BUY,1.0952,75000,2024-01-17,10:45:30.632,XXXX,FILL,PRINCIPAL
EXE-000184,ORD-000184,USDJPY,ACC-039,TRD-013,SELL,138.0868,500,2024-01-17,10:49:30.879,XXXX,FILL,AGENCY
EXE-000177,ORD-000177,PFE,ACC-084,TRD-014,SELL,27.1866,50,2024-01-17,11:00:34.941,XNYS,FILL,AGENCY
EXE-000183,ORD-000183,ES_FUT,ACC-029,TRD-002,SELL,4637.1906,10,2024-01-17,11:34:28.780,XCME,FILL,AGENCY
EXE-000176,ORD-000176,UNH,ACC-005,TRD-043,BUY,500.0484,200,2024-01-17,11:39:22.874,XNYS,FILL,AGENCY
EXE-000687,ORD-000687,EURUSD,ACC-105,TRD-028,SELL,1.0951,98000,2024-01-17,12:15:44.827,XXXX,FILL,PRINCIPAL
EXE-000179,ORD-000179,JNJ,ACC-073,TRD-041,BUY,149.4413,100,2024-01-17,12:17:34.395,XNYS,FILL,AGENCY
EXE-000173,ORD-000173,META,ACC-077,TRD-004,BUY,352.5302,150,2024-01-17,12:48:46.489,XNAS,FILL,AGENCY
EXE-000178,ORD-000178,META,ACC-042,TRD-024,SELL,351.623,150,2024-01-17,12:51:14.157,XNAS,FILL,AGENCY
EXE-000172,ORD-000172,UNH,ACC-001,TRD-012,BUY,500.2268,150,2024-01-17,13:00:33.012,XNYS,FILL,AGENCY
EXE-000185,ORD-000185,GBPUSD,ACC-023,TRD-016,BUY,1.2177,150,2024-01-17,13:14:58.070,XXXX,FILL,AGENCY
EXE-000180,ORD-000180,AAPL_C150,ACC-001,TRD-009,SELL,34.0756,10,2024-01-17,13:17:13.351,XCBO,FILL,AGENCY
EXE-000182,ORD-000182,ES_FUT,ACC-009,TRD-013,SELL,4647.3497,10,2024-01-17,13:51:57.994,XCME,FILL,AGENCY
EXE-000174,ORD-000174,PFE,ACC-100,TRD-017,SELL,27.1705,200,2024-01-17,14:25:14.936,XNYS,FILL,PRINCIPAL
EXE-000688,ORD-000688,EURUSD,ACC-105,TRD-028,SELL,1.0949,76000,2024-01-17,14:30:22.723,XXXX,FILL,PRINCIPAL
EXE-000175,ORD-000175,MRK,ACC-050,TRD-035,SELL,114.377,50,2024-01-17,14:35:45.738,XNYS,FILL,AGENCY
EXE-000697,ORD-000697,GOOGL,ACC-111,TRD-028,BUY,141.5,80,2024-01-18,09:09:39.584,XNAS,FILL,AGENCY
EXE-000194,ORD-000194,ES_FUT,ACC-018,TRD-008,SELL,4760.7272,2,2024-01-18,09:41:16.828,XCME,FILL,AGENCY
EXE-000189,ORD-000189,JNJ,ACC-057,TRD-016,SELL,146.8928,200,2024-01-18,09:46:33.130,XNYS,FILL,AGENCY
EXE-000699,ORD-000699,GOOGL,ACC-111,TRD-028,BUY,143.0,85,2024-01-18,10:27:18.963,XNAS,FILL,AGENCY
EXE-000199,ORD-000199,ZB_FUT,ACC-005,TRD-004,SELL,122.4575,1,2024-01-18,10:39:57.182,XCME,FILL,AGENCY
EXE-000190,ORD-000190,JNJ,ACC-002,TRD-008,SELL,146.9083,100,2024-01-18,10:44:09.424,XNYS,FILL,AGENCY
EXE-000698,ORD-000698,GOOGL,ACC-111,TRD-028,BUY,142.2,75,2024-01-18,10:48:51.670,XNAS,FILL,AGENCY
EXE-000195,ORD-000195,GC_FUT,ACC-016,TRD-011,BUY,2294.1565,10,2024-01-18,10:58:03.563,XCME,FILL,AGENCY
EXE-000700,ORD-000700,GOOGL,ACC-111,TRD-028,BUY,143.8,70,2024-01-18,11:06:45.837,XNAS,FILL,AGENCY
EXE-000188,ORD-000188,V,ACC-096,TRD-022,SELL,247.9258,100,2024-01-18,11:51:04.625,XNYS,FILL,AGENCY
EXE-000197,ORD-000197,AUDUSD,ACC-025,TRD-005,SELL,0.6898,150,2024-01-18,12:03:10.320,XXXX,FILL,AGENCY
EXE-000702,ORD-000702,GOOGL,ACC-111,TRD-028,BUY,145.3,65,2024-01-18,12:24:35.592,XNAS,FILL,AGENCY
EXE-000701,ORD-000701,GOOGL,ACC-111,TRD-028,BUY,144.5,90,2024-01-18,12:45:37.923,XNAS,FILL,AGENCY
EXE-000192,ORD-000192,AAPL_P140,ACC-019,TRD-004,BUY,5.0742,10,2024-01-18,13:00:49.221,XCBO,FILL,AGENCY
EXE-000703,ORD-000703,GOOGL,ACC-111,TRD-028,BUY,146.0,80,2024-01-18,13:03:00.401,XNAS,FILL,AGENCY
EXE-000196,ORD-000196,NQ_FUT,ACC-007,TRD-010,BUY,16697.5585,1,2024-01-18,13:11:48.218,XCME,FILL,AGENCY
EXE-000191,ORD-000191,COST,ACC-055,TRD-034,BUY,702.4826,500,2024-01-18,13:25:36.409,XNAS,FILL,AGENCY
EXE-000705,ORD-000705,GOOGL,ACC-111,TRD-028,SELL,145.0,30,2024-01-18,14:21:06.413,XNAS,FILL,AGENCY
EXE-000186,ORD-000186,CVX,ACC-006,TRD-050,BUY,158.598,500,2024-01-18,14:34:47.764,XNYS,FILL,AGENCY
EXE-000187,ORD-000187,AMZN,ACC-067,TRD-005,SELL,177.3528,100,2024-01-18,14:40:34.969,XNAS,FILL,AGENCY
EXE-000704,ORD-000704,GOOGL,ACC-111,TRD-028,BUY,147.1,55,2024-01-18,14:42:33.622,XNAS,FILL,AGENCY
EXE-000198,ORD-000198,GBPUSD,ACC-029,TRD-001,SELL,1.2069,150,2024-01-18,15:24:53.065,XXXX,FILL,AGENCY
EXE-000193,ORD-000193,TSLA_C250,ACC-007,TRD-022,BUY,15.9372,10,2024-01-18,15:58:34.292,XCBO,FILL,AGENCY
EXE-000206,ORD-000206,MS,ACC-028,TRD-038,SELL,99.5429,200,2024-01-19,09:05:09.888,XNYS,FILL,AGENCY
EXE-000202,ORD-000202,GOOGL,ACC-019,TRD-030,BUY,134.333,300,2024-01-19,09:42:58.174,XNAS,FILL,AGENCY
EXE-000211,ORD-000211,GC_FUT,ACC-022,TRD-007,SELL,2340.682,5,2024-01-19,10:28:25.390,XCME,FILL,AGENCY
EXE-000210,ORD-000210,NVDA_C500,ACC-023,TRD-006,SELL,134.3091,20,2024-01-19,11:15:59.017,XCBO,FILL,AGENCY
EXE-000214,ORD-000214,GBPUSD,ACC-030,TRD-008,SELL,1.1996,50,2024-01-19,11:38:50.403,XXXX,FILL,AGENCY
EXE-000209,ORD-000209,BAC,ACC-026,TRD-022,SELL,34.1791,100,2024-01-19,12:34:54.666,XNYS,FILL,AGENCY
EXE-000215,ORD-000215,USDCHF,ACC-039,TRD-018,BUY,0.8362,500,2024-01-19,13:38:57.697,XXXX,FILL,AGENCY
EXE-000200,ORD-000200,META,ACC-083,TRD-030,SELL,351.1982,300,2024-01-19,13:50:19.542,XNAS,FILL,AGENCY
EXE-000204,ORD-000204,COP,ACC-035,TRD-044,SELL,109.6577,50,2024-01-19,14:15:10.557,XNYS,FILL,AGENCY
EXE-000203,ORD-000203,HD,ACC-066,TRD-003,BUY,379.8231,300,2024-01-19,14:17:07.849,XNYS,FILL,AGENCY
EXE-000205,ORD-000205,HD,ACC-055,TRD-035,BUY,379.9737,100,2024-01-19,14:18:58.361,XNYS,FILL,AGENCY
EXE-000212,ORD-000212,CL_FUT,ACC-010,TRD-001,SELL,77.1266,1,2024-01-19,14:31:58.002,XCME,FILL,AGENCY
EXE-000201,ORD-000201,MA,ACC-064,TRD-036,SELL,396.0123,500,2024-01-19,14:37:12.996,XNYS,FILL,AGENCY
EXE-000213,ORD-000213,GC_FUT,ACC-013,TRD-013,BUY,2336.3011,1,2024-01-19,14:56:53.220,XCME,FILL,AGENCY
EXE-000208,ORD-000208,GOOGL,ACC-049,TRD-019,SELL,134.4683,500,2024-01-19,15:05:09.818,XNAS,FILL,AGENCY
EXE-000216,ORD-000216,ZB_FUT,ACC-001,TRD-009,SELL,126.6497,1,2024-01-19,15:21:48.642,XCME,FILL,AGENCY
EXE-000207,ORD-000207,GOOGL,ACC-059,TRD-034,BUY,134.1529,150,2024-01-19,15:46:32.706,XNAS,FILL,AGENCY
EXE-000223,ORD-000223,META,ACC-031,TRD-025,BUY,345.2223,500,2024-01-22,09:20:56.826,XNAS,FILL,AGENCY
EXE-000221,ORD-000221,COST,ACC-077,TRD-015,SELL,711.4719,500,2024-01-22,09:32:41.745,XNAS,FILL,AGENCY
EXE-000673,ORD-000673,MSFT,ACC-102,TRD-026,BUY,380.5,200,2024-01-22,09:45:33.404,XNAS,FILL,PRINCIPAL
EXE-000674,ORD-000674,MSFT,ACC-102,TRD-026,BUY,380.6,150,2024-01-22,10:30:11.278,XNAS,FILL,PRINCIPAL
EXE-000230,ORD-000230,NQ_FUT,ACC-015,TRD-011,BUY,16381.2555,10,2024-01-22,10:33:55.428,XCME,FILL,AGENCY
EXE-000229,ORD-000229,NVDA_C500,ACC-007,TRD-018,SELL,134.4186,10,2024-01-22,10:40:58.709,XCBO,FILL,AGENCY
EXE-000226,ORD-000226,AAPL,ACC-002,TRD-043,SELL,183.9237,100,2024-01-22,11:47:28.003,XNYS,FILL,AGENCY
EXE-000731,ORD-000731,AMZN,ACC-121,TRD-031,BUY,174.5914,178,2024-01-22,12:25:04.343,XNAS,FILL,AGENCY
EXE-000729,ORD-000729,AMZN,ACC-121,TRD-031,BUY,174.6306,137,2024-01-22,12:26:49.327,XNAS,FILL,AGENCY
EXE-000232,ORD-000232,USDCHF,ACC-055,TRD-018,SELL,0.8359,50,2024-01-22,12:41:52.092,XXXX,FILL,AGENCY
EXE-000227,ORD-000227,AAPL_C150,ACC-008,TRD-019,SELL,35.4641,20,2024-01-22,12:54:40.192,XCBO,FILL,AGENCY
EXE-000675,ORD-000675,MSFT,ACC-102,TRD-026,SELL,380.45,190,2024-01-22,13:15:08.257,XNAS,FILL,PRINCIPAL
EXE-000225,ORD-000225,GS,ACC-076,TRD-031,SELL,397.6374,500,2024-01-22,13:27:05.862,XNYS,FILL,AGENCY
EXE-000224,ORD-000224,XOM,ACC-011,TRD-026,SELL,100.3548,200,2024-01-22,13:41:07.140,XNYS,FILL,AGENCY
EXE-000231,ORD-000231,ES_FUT,ACC-026,TRD-013,SELL,4631.6809,10,2024-01-22,13:53:30.339,XCME,FILL,AGENCY
EXE-000218,ORD-000218,MA,ACC-069,TRD-015,SELL,398.1383,300,2024-01-22,14:11:49.625,XNYS,FILL,AGENCY
EXE-000217,ORD-000217,UNH,ACC-028,TRD-035,SELL,487.01,50,2024-01-22,14:13:14.913,XNYS,FILL,AGENCY
EXE-000220,ORD-000220,NKE,ACC-050,TRD-037,SELL,108.4692,50,2024-01-22,14:15:28.788,XNYS,FILL,AGENCY
EXE-000730,ORD-000730,AMZN,ACC-121,TRD-031,BUY,174.4927,145,2024-01-22,14:21:37.470,XNAS,FILL,AGENCY
EXE-000219,ORD-000219,WFC,ACC-038,TRD-035,BUY,46.5744,500,2024-01-22,14:47:57.893,XNYS,FILL,AGENCY
EXE-000676,ORD-000676,MSFT,ACC-102,TRD-026,SELL,380.55,155,2024-01-22,15:00:42.979,XNAS,FILL,PRINCIPAL
EXE-000732,ORD-000732,AMZN,ACC-121,TRD-031,BUY,174.3758,140,2024-01-22,15:28:24.719,XNAS,FILL,AGENCY
EXE-000228,ORD-000228,AAPL_C150,ACC-026,TRD-004,SELL,35.3698,20,2024-01-22,15:32:32.590,XCBO,FILL,AGENCY
EXE-000222,ORD-000222,JPM,ACC-069,TRD-039,BUY,163.6348,150,2024-01-22,15:39:09.753,XNYS,FILL,AGENCY
EXE-000233,ORD-000233,EURUSD,ACC-019,TRD-020,SELL,1.2111,50,2024-01-22,15:42:28.657,XXXX,FILL,AGENCY
EXE-000237,ORD-000237,V,ACC-023,TRD-021,BUY,250.9512,500,2024-01-23,09:14:02.274,XNYS,FILL,AGENCY
EXE-000243,ORD-000243,CL_FUT,ACC-002,TRD-009,SELL,77.0158,5,2024-01-23,09:17:58.934,XCME,FILL,AGENCY
EXE-000239,ORD-000239,JNJ,ACC-056,TRD-035,BUY,149.445,200,2024-01-23,09:42:20.053,XNYS,FILL,AGENCY
EXE-000234,ORD-000234,DIS,ACC-070,TRD-011,BUY,95.6359,100,2024-01-23,10:32:14.924,XNYS,FILL,AGENCY
EXE-000244,ORD-000244,ES_FUT,ACC-013,TRD-013,BUY,4608.049,2,2024-01-23,10:51:15.379,XCME,FILL,AGENCY
EXE-000241,ORD-000241,TSLA_C250,ACC-010,TRD-001,SELL,16.716,5,2024-01-23,11:04:46.344,XCBO,FILL,AGENCY
EXE-000240,ORD-000240,AAPL_P140,ACC-013,TRD-013,SELL,4.9751,50,2024-01-23,11:25:59.731,XCBO,FILL,AGENCY
EXE-000248,ORD-000248,USDJPY,ACC-031,TRD-015,BUY,144.1057,50,2024-01-23,11:38:33.761,XXXX,FILL,AGENCY
EXE-000236,ORD-000236,GOOGL,ACC-022,TRD-001,BUY,133.4662,150,2024-01-23,12:18:39.673,XNAS,FILL,AGENCY
EXE-000238,ORD-000238,COST,ACC-065,TRD-047,BUY,713.0453,100,2024-01-23,13:26:12.897,XNAS,FILL,AGENCY
EXE-000247,ORD-000247,USDCHF,ACC-050,TRD-005,BUY,0.8345,150,2024-01-23,13:32:17.654,XXXX,FILL,AGENCY
EXE-000249,ORD-000249,AUDUSD,ACC-053,TRD-012,BUY,0.6824,150,2024-01-23,13:33:23.110,XXXX,FILL,AGENCY
EXE-000242,ORD-000242,TSLA_P200,ACC-018,TRD-018,SELL,8.8587,50,2024-01-23,14:07:59.029,XCBO,FILL,AGENCY
EXE-000246,ORD-000246,USDCAD,ACC-020,TRD-019,BUY,1.4587,150,2024-01-23,14:53:13.831,XXXX,FILL,AGENCY
EXE-000245,ORD-000245,ES_FUT,ACC-010,TRD-008,BUY,4611.5709,1,2024-01-23,15:11:39.967,XCME,FILL,AGENCY
EXE-000235,ORD-000235,JNJ,ACC-002,TRD-009,SELL,149.375,200,2024-01-23,15:44:33.260,XNYS,FILL,AGENCY
EXE-000260,ORD-000260,NQ_FUT,ACC-007,TRD-011,SELL,16491.9472,10,2024-01-24,09:14:42.893,XCME,FILL,AGENCY
EXE-000258,ORD-000258,AMZN_C180,ACC-049,TRD-007,SELL,9.9691,10,2024-01-24,09:23:08.769,XCBO,FILL,AGENCY
EXE-000693,ORD-000693,CL_FUT,ACC-107,TRD-030,BUY,75.2,50,2024-01-24,09:40:05.850,XCME,FILL,PRINCIPAL
EXE-000261,ORD-000261,GC_FUT,ACC-016,TRD-012,SELL,2363.4744,5,2024-01-24,09:49:18.548,XCME,FILL,AGENCY
EXE-000694,ORD-000694,CL_FUT,ACC-107,TRD-030,BUY,75.25,30,2024-01-24,10:50:18.393,XCME,FILL,PRINCIPAL
EXE-000256,ORD-000256,GS,ACC-059,TRD-023,SELL,398.2599,50,2024-01-24,10:51:26.944,XNYS,FILL,AGENCY
EXE-000251,ORD-000251,JPM,ACC-016,TRD-034,SELL,168.3887,150,2024-01-24,10:52:24.878,XNYS,FILL,AGENCY
EXE-000262,ORD-000262,NQ_FUT,ACC-001,TRD-003,BUY,16498.5535,1,2024-01-24,11:43:47.342,XCME,FILL,AGENCY
EXE-000695,ORD-000695,CL_FUT,ACC-107,TRD-030,SELL,75.22,48,2024-01-24,12:05:33.428,XCME,FILL,PRINCIPAL
EXE-000254,ORD-000254,WFC,ACC-040,TRD-039,BUY,45.7378,500,2024-01-24,12:19:21.976,XNYS,FILL,AGENCY
EXE-000253,ORD-000253,JPM,ACC-035,TRD-032,BUY,168.2348,300,2024-01-24,12:22:56.844,XNYS,FILL,AGENCY
EXE-000250,ORD-000250,GOOGL,ACC-015,TRD-019,BUY,135.307,300,2024-01-24,13:16:33.661,XNAS,FILL,AGENCY
EXE-000252,ORD-000252,AAPL,ACC-010,TRD-015,SELL,183.5446,200,2024-01-24,13:22:10.503,XNYS,FILL,AGENCY
EXE-000259,ORD-000259,AAPL_C150,ACC-040,TRD-014,SELL,34.2461,5,2024-01-24,13:46:37.075,XCBO,FILL,AGENCY
EXE-000263,ORD-000263,GBPUSD,ACC-008,TRD-001,BUY,1.1931,300,2024-01-24,14:06:54.676,XXXX,FILL,AGENCY
EXE-000257,ORD-000257,AAPL_P140,ACC-004,TRD-007,BUY,5.0066,10,2024-01-24,14:30:08.006,XCBO,FILL,AGENCY
EXE-000696,ORD-000696,CL_FUT,ACC-107,TRD-030,SELL,75.18,31,2024-01-24,14:40:55.045,XCME,FILL,PRINCIPAL
EXE-000255,ORD-000255,HD,ACC-008,TRD-017,SELL,386.0572,100,2024-01-24,14:55:44.592,XNYS,FILL,AGENCY
EXE-000264,ORD-000264,AUDUSD,ACC-043,TRD-007,BUY,0.7022,50,2024-01-24,15:38:05.576,XXXX,FILL,AGENCY
EXE-000275,ORD-000275,GBPUSD,ACC-053,TRD-010,BUY,1.1696,200,2024-01-25,09:44:21.818,XXXX,FILL,AGENCY
EXE-000272,ORD-000272,NQ_FUT,ACC-026,TRD-008,BUY,16395.4463,10,2024-01-25,10:31:47.496,XCME,FILL,AGENCY
EXE-000268,ORD-000268,BAC,ACC-096,TRD-024,BUY,34.1016,50,2024-01-25,10:45:26.799,XNYS,FILL,AGENCY
EXE-000267,ORD-000267,GOOGL,ACC-022,TRD-001,BUY,137.0415,200,2024-01-25,10:49:54.553,XNAS,FILL,AGENCY
EXE-000271,ORD-000271,AAPL_P140,ACC-050,TRD-013,SELL,5.0129,5,2024-01-25,12:27:39.546,XCBO,FILL,AGENCY
EXE-000273,ORD-000273,AUDUSD,ACC-052,TRD-015,SELL,0.722,50,2024-01-25,12:32:47.463,XXXX,FILL,AGENCY
EXE-000265,ORD-000265,TSLA,ACC-086,TRD-022,SELL,246.9494,150,2024-01-25,12:43:42.888,XNAS,FILL,AGENCY
EXE-000266,ORD-000266,DIS,ACC-067,TRD-034,BUY,94.7325,150,2024-01-25,12:59:54.621,XNYS,FILL,AGENCY
EXE-000269,ORD-000269,NKE,ACC-030,TRD-021,BUY,107.3329,50,2024-01-25,13:29:04.322,XNYS,FILL,AGENCY
EXE-000274,ORD-000274,EURUSD,ACC-039,TRD-011,BUY,1.2839,300,2024-01-25,15:22:59.876,XXXX,FILL,AGENCY
EXE-000276,ORD-000276,USDCAD,ACC-019,TRD-019,SELL,1.4604,100,2024-01-25,15:35:49.357,XXXX,FILL,AGENCY
EXE-000270,ORD-000270,GOOGL,ACC-002,TRD-020,SELL,137.4572,500,2024-01-25,15:42:00.229,XNAS,FILL,AGENCY
EXE-000288,ORD-000288,EURUSD,ACC-015,TRD-020,BUY,1.301,500,2024-01-26,09:51:11.095,XXXX,FILL,AGENCY
EXE-000285,ORD-000285,ES_FUT,ACC-018,TRD-010,SELL,4600.8847,5,2024-01-26,10:04:54.178,XCME,FILL,AGENCY
EXE-000284,ORD-000284,GC_FUT,ACC-023,TRD-011,BUY,2330.3274,5,2024-01-26,11:00:52.245,XCME,FILL,AGENCY
EXE-000283,ORD-000283,NVDA_C500,ACC-024,TRD-014,SELL,127.8345,10,2024-01-26,12:27:18.462,XCBO,FILL,AGENCY
EXE-000286,ORD-000286,ZB_FUT,ACC-023,TRD-001,SELL,128.6647,1,2024-01-26,12:33:33.729,XCME,FILL,AGENCY
EXE-000278,ORD-000278,MSFT,ACC-070,TRD-010,SELL,367.9358,500,2024-01-26,13:06:02.945,XNAS,FILL,AGENCY
EXE-000289,ORD-000289,ZB_FUT,ACC-031,TRD-004,BUY,128.5747,1,2024-01-26,13:49:16.730,XCME,FILL,AGENCY
EXE-000282,ORD-000282,V,ACC-082,TRD-002,BUY,249.4625,150,2024-01-26,14:17:33.293,XNYS,FILL,AGENCY
EXE-000280,ORD-000280,XOM,ACC-066,TRD-034,SELL,98.7525,50,2024-01-26,14:23:06.070,XNYS,FILL,AGENCY
EXE-000279,ORD-000279,TSLA,ACC-015,TRD-020,SELL,243.423,500,2024-01-26,14:26:24.194,XNAS,FILL,AGENCY
EXE-000287,ORD-000287,GBPUSD,ACC-055,TRD-011,SELL,1.1709,150,2024-01-26,14:40:56.341,XXXX,FILL,AGENCY
EXE-000281,ORD-000281,CVX,ACC-029,TRD-003,BUY,159.0875,50,2024-01-26,15:46:38.455,XNYS,FILL,AGENCY
EXE-000277,ORD-000277,NVDA,ACC-065,TRD-035,BUY,692.0151,150,2024-01-26,15:58:43.655,XNAS,FILL,AGENCY
EXE-000301,ORD-000301,GC_FUT,ACC-025,TRD-006,SELL,2270.9483,10,2024-01-29,09:08:17.594,XCME,FILL,AGENCY
EXE-000677,ORD-000677,TSLA,ACC-103,TRD-027,BUY,245.0,400,2024-01-29,09:40:18.048,XNAS,FILL,PRINCIPAL
EXE-000302,ORD-000302,ZB_FUT,ACC-005,TRD-001,BUY,128.7332,10,2024-01-29,09:40:43.310,XCME,FILL,AGENCY
EXE-000299,ORD-000299,AMZN_C180,ACC-015,TRD-009,BUY,10.1227,5,2024-01-29,09:49:28.232,XCBO,FILL,AGENCY
EXE-000300,ORD-000300,AAPL_P140,ACC-009,TRD-014,SELL,4.7765,50,2024-01-29,10:56:48.452,XCBO,FILL,AGENCY
EXE-000678,ORD-000678,TSLA,ACC-103,TRD-027,BUY,245.1,200,2024-01-29,11:00:05.480,XNAS,FILL,PRINCIPAL
EXE-000291,ORD-000291,PFE,ACC-093,TRD-020,BUY,26.7325,200,2024-01-29,11:11:23.099,XNYS,FILL,AGENCY
EXE-000743,ORD-000743,GOOGL,ACC-124,TRD-032,BUY,141.5561,284,2024-01-29,11:15:12.327,XNAS,FILL,AGENCY
EXE-000742,ORD-000742,GOOGL,ACC-124,TRD-032,BUY,141.398,257,2024-01-29,11:24:25.083,XNAS,FILL,AGENCY
EXE-000304,ORD-000304,USDJPY,ACC-046,TRD-013,SELL,147.3292,100,2024-01-29,11:31:44.481,XXXX,FILL,AGENCY
EXE-000296,ORD-000296,MA,ACC-042,TRD-042,SELL,370.955,100,2024-01-29,12:11:49.744,XNYS,FILL,AGENCY
EXE-000679,ORD-000679,TSLA,ACC-103,TRD-027,SELL,245.05,380,2024-01-29,12:30:33.395,XNAS,FILL,PRINCIPAL
EXE-000298,ORD-000298,XOM,ACC-012,TRD-029,SELL,100.4731,200,2024-01-29,12:54:37.097,XNYS,FILL,AGENCY
EXE-000303,ORD-000303,EURUSD,ACC-044,TRD-016,BUY,1.2936,300,2024-01-29,12:57:07.441,XXXX,FILL,AGENCY
EXE-000295,ORD-000295,PFE,ACC-007,TRD-034,BUY,26.7118,500,2024-01-29,13:06:07.774,XNYS,FILL,AGENCY
EXE-000293,ORD-000293,COP,ACC-066,TRD-028,SELL,108.109,500,2024-01-29,13:18:59.839,XNYS,FILL,AGENCY
EXE-000297,ORD-000297,COST,ACC-052,TRD-005,SELL,704.7275,100,2024-01-29,13:20:38.965,XNAS,FILL,AGENCY
EXE-000305,ORD-000305,USDJPY,ACC-004,TRD-020,SELL,147.6165,300,2024-01-29,13:24:20.243,XXXX,FILL,AGENCY
EXE-000292,ORD-000292,NVDA,ACC-020,TRD-049,BUY,684.195,500,2024-01-29,13:28:15.164,XNAS,FILL,AGENCY
EXE-000290,ORD-000290,JNJ,ACC-006,TRD-033,BUY,148.7736,300,2024-01-29,13:32:54.018,XNYS,FILL,AGENCY
EXE-000680,ORD-000680,TSLA,ACC-103,TRD-027,SELL,244.95,210,2024-01-29,14:45:17.682,XNAS,FILL,PRINCIPAL
EXE-000744,ORD-000744,GOOGL,ACC-124,TRD-032,BUY,141.544,259,2024-01-29,15:16:53.561,XNAS,FILL,AGENCY
EXE-000294,ORD-000294,DIS,ACC-057,TRD-030,SELL,95.5014,300,2024-01-29,15:22:50.752,XNYS,FILL,AGENCY
EXE-000754,ORD-000764,BAC,ACC-132,TRD-033,SELL,34.05,1000,2024-01-30,10:15:05.750,XNYS,FILL,AGENCY
EXE-000755,ORD-000765,BAC,ACC-132,TRD-033,BUY,33.8,5000,2024-01-30,10:16:00.610,XNYS,FILL,AGENCY
EXE-000314,ORD-000314,GC_FUT,ACC-008,TRD-015,BUY,2251.0582,2,2024-01-30,11:01:10.726,XCME,FILL,AGENCY
EXE-000315,ORD-000315,USDCAD,ACC-027,TRD-015,SELL,1.5158,200,2024-01-30,11:20:17.387,XXXX,FILL,AGENCY
EXE-000307,ORD-000307,COST,ACC-039,TRD-008,BUY,716.6122,50,2024-01-30,11:40:28.912,XNAS,FILL,AGENCY
EXE-000310,ORD-000310,XOM,ACC-078,TRD-047,SELL,99.6311,100,2024-01-30,11:48:19.004,XNYS,FILL,AGENCY
EXE-000317,ORD-000317,USDCAD,ACC-044,TRD-015,BUY,1.5173,300,2024-01-30,13:09:21.258,XXXX,FILL,AGENCY
EXE-000312,ORD-000312,MA,ACC-086,TRD-050,SELL,369.7869,200,2024-01-30,13:22:07.491,XNYS,FILL,AGENCY
EXE-000316,ORD-000316,EURUSD,ACC-038,TRD-011,SELL,1.3045,500,2024-01-30,13:45:53.348,XXXX,FILL,AGENCY
EXE-000309,ORD-000309,TSLA,ACC-027,TRD-047,BUY,240.0664,150,2024-01-30,14:03:02.709,XNAS,FILL,AGENCY
EXE-000306,ORD-000306,CVX,ACC-038,TRD-006,BUY,161.6314,150,2024-01-30,14:19:16.553,XNYS,FILL,AGENCY
EXE-000311,ORD-000311,JNJ,ACC-057,TRD-001,BUY,148.8794,50,2024-01-30,14:42:45.061,XNYS,FILL,AGENCY
EXE-000313,ORD-000313,AAPL_C150,ACC-019,TRD-022,BUY,35.3966,20,2024-01-30,15:05:24.734,XCBO,FILL,AGENCY
EXE-000318,ORD-000318,USDCHF,ACC-057,TRD-008,BUY,0.8525,200,2024-01-30,15:23:02.294,XXXX,FILL,AGENCY
EXE-000308,ORD-000308,AAPL,ACC-070,TRD-043,SELL,182.6398,150,2024-01-30,15:52:43.664,XNYS,FILL,AGENCY
EXE-000332,ORD-000332,CL_FUT,ACC-004,TRD-006,SELL,72.1572,5,2024-01-31,09:23:51.965,XCME,FILL,AGENCY
EXE-000325,ORD-000325,MSFT,ACC-083,TRD-040,BUY,361.0081,300,2024-01-31,10:44:18.902,XNAS,FILL,AGENCY
EXE-000326,ORD-000326,NKE,ACC-044,TRD-032,SELL,110.0185,50,2024-01-31,10:45:42.535,XNYS,FILL,AGENCY
EXE-000330,ORD-000330,ZB_FUT,ACC-017,TRD-015,SELL,125.8287,5,2024-01-31,10:55:54.411,XCME,FILL,AGENCY
EXE-000327,ORD-000327,AMZN_C180,ACC-022,TRD-017,BUY,10.2513,50,2024-01-31,11:05:52.637,XCBO,FILL,AGENCY
EXE-000320,ORD-000320,HD,ACC-045,TRD-011,SELL,384.7847,500,2024-01-31,11:13:17.971,XNYS,FILL,AGENCY
EXE-000324,ORD-000324,MRK,ACC-073,TRD-041,SELL,113.5237,200,2024-01-31,11:23:23.658,XNYS,FILL,AGENCY
EXE-000328,ORD-000328,AMZN_C180,ACC-037,TRD-018,SELL,10.2755,10,2024-01-31,12:38:18.032,XCBO,FILL,AGENCY
EXE-000337,ORD-000337,ZB_FUT,ACC-040,TRD-003,BUY,125.7182,1,2024-01-31,13:03:33.634,XCME,FILL,AGENCY
EXE-000333,ORD-000333,GBPUSD,ACC-005,TRD-004,SELL,1.1532,100,2024-01-31,13:07:04.269,XXXX,FILL,AGENCY
EXE-000336,ORD-000336,USDCAD,ACC-060,TRD-015,SELL,1.5308,150,2024-01-31,13:11:35.130,XXXX,FILL,AGENCY
EXE-000323,ORD-000323,NVDA,ACC-043,TRD-022,BUY,693.5679,300,2024-01-31,13:18:03.318,XNAS,FILL,AGENCY
EXE-000321,ORD-000321,CVX,ACC-020,TRD-024,SELL,158.7049,300,2024-01-31,13:27:03.194,XNYS,FILL,AGENCY
EXE-000334,ORD-000334,AUDUSD,ACC-021,TRD-005,SELL,0.734,500,2024-01-31,13:51:51.017,XXXX,FILL,AGENCY
EXE-000322,ORD-000322,GOOGL,ACC-009,TRD-008,SELL,153.8999,500,2024-01-31,14:08:07.312,XNAS,FILL,AGENCY
EXE-000329,ORD-000329,NVDA_C500,ACC-012,TRD-018,SELL,124.3993,20,2024-01-31,14:21:34.948,XCBO,FILL,AGENCY
EXE-000319,ORD-000319,XOM,ACC-062,TRD-035,BUY,98.0457,300,2024-01-31,14:43:41.650,XNYS,FILL,AGENCY
EXE-000331,ORD-000331,CL_FUT,ACC-017,TRD-002,SELL,72.1011,2,2024-01-31,15:06:49.496,XCME,FILL,AGENCY
EXE-000335,ORD-000335,USDJPY,ACC-020,TRD-019,BUY,146.0972,500,2024-01-31,15:59:49.951,XXXX,FILL,AGENCY
EXE-000347,ORD-000347,CVX,ACC-040,TRD-047,SELL,160.6003,100,2024-02-01,09:01:19.581,XNYS,FILL,AGENCY
EXE-000706,ORD-000706,META,ACC-112,TRD-029,SELL,363.0,60,2024-02-01,09:13:11.594,XNAS,FILL,AGENCY
EXE-000342,ORD-000342,META,ACC-029,TRD-022,BUY,345.966,50,2024-02-01,09:57:03.445,XNAS,FILL,AGENCY
EXE-000349,ORD-000349,AAPL_P140,ACC-024,TRD-006,BUY,4.5785,5,2024-02-01,10:44:48.735,XCBO,FILL,AGENCY
EXE-000707,ORD-000707,META,ACC-112,TRD-029,SELL,361.5,55,2024-02-01,10:56:18.514,XNAS,FILL,AGENCY
EXE-000709,ORD-000709,META,ACC-112,TRD-029,SELL,357.0,50,2024-02-01,11:23:10.798,XNAS,FILL,AGENCY
EXE-000350,ORD-000350,TSLA_P200,ACC-013,TRD-018,BUY,8.7052,10,2024-02-01,11:35:03.317,XCBO,FILL,AGENCY
EXE-000708,ORD-000708,META,ACC-112,TRD-029,SELL,359.0,70,2024-02-01,11:40:39.592,XNAS,FILL,AGENCY
EXE-000710,ORD-000710,META,ACC-112,TRD-029,SELL,355.5,65,2024-02-01,12:06:03.118,XNAS,FILL,AGENCY
EXE-000344,ORD-000344,CVX,ACC-052,TRD-035,BUY,160.4578,150,2024-02-01,12:28:26.345,XNYS,FILL,AGENCY
EXE-000355,ORD-000355,GBPUSD,ACC-054,TRD-015,BUY,1.1538,100,2024-02-01,12:34:38.437,XXXX,FILL,AGENCY
EXE-000339,ORD-000339,DIS,ACC-003,TRD-040,BUY,95.3699,500,2024-02-01,12:50:58.950,XNYS,FILL,AGENCY
EXE-000352,ORD-000352,ES_FUT,ACC-001,TRD-013,BUY,4551.8887,2,2024-02-01,13:02:44.227,XCME,FILL,AGENCY
EXE-000354,ORD-000354,GBPUSD,ACC-001,TRD-010,SELL,1.1512,300,2024-02-01,13:16:08.119,XXXX,FILL,AGENCY
EXE-000356,ORD-000356,ZB_FUT,ACC-013,TRD-005,BUY,125.1113,2,2024-02-01,13:35:36.855,XCME,FILL,AGENCY
EXE-000711,ORD-000711,META,ACC-112,TRD-029,SELL,353.0,45,2024-02-01,13:50:00.861,XNAS,FILL,AGENCY
EXE-000713,ORD-000713,META,ACC-112,TRD-029,BUY,358.0,20,2024-02-01,14:16:25.513,XNAS,FILL,AGENCY
EXE-000712,ORD-000712,META,ACC-112,TRD-029,SELL,351.0,55,2024-02-01,14:33:11.314,XNAS,FILL,AGENCY
EXE-000345,ORD-000345,UNH,ACC-051,TRD-014,BUY,513.1976,200,2024-02-01,14:44:31.983,XNYS,FILL,AGENCY
EXE-000346,ORD-000346,MS,ACC-080,TRD-031,SELL,103.0165,500,2024-02-01,14:47:20.569,XNYS,FILL,AGENCY
EXE-000340,ORD-000340,HD,ACC-050,TRD-017,SELL,396.4356,100,2024-02-01,14:52:10.688,XNYS,FILL,AGENCY
EXE-000343,ORD-000343,MS,ACC-062,TRD-009,BUY,103.0886,100,2024-02-01,14:56:54.084,XNYS,FILL,AGENCY
EXE-000353,ORD-000353,USDJPY,ACC-016,TRD-004,SELL,146.4326,50,2024-02-01,14:58:49.304,XXXX,FILL,AGENCY
EXE-000351,ORD-000351,ZB_FUT,ACC-026,TRD-009,SELL,125.4074,1,2024-02-01,15:06:19.343,XCME,FILL,AGENCY
EXE-000341,ORD-000341,COP,ACC-046,TRD-022,SELL,112.0832,150,2024-02-01,15:09:17.802,XNYS,FILL,AGENCY
EXE-000348,ORD-000348,NVDA_C500,ACC-037,TRD-001,SELL,122.9447,20,2024-02-01,15:15:19.963,XCBO,FILL,AGENCY
EXE-000338,ORD-000338,DIS,ACC-054,TRD-033,SELL,95.1657,100,2024-02-01,15:47:18.992,XNYS,FILL,AGENCY
EXE-000367,ORD-000367,AAPL_C150,ACC-001,TRD-008,BUY,36.0229,10,2024-02-02,09:09:28.630,XCBO,FILL,AGENCY
EXE-000369,ORD-000369,USDJPY,ACC-058,TRD-010,SELL,145.3284,50,2024-02-02,09:17:21.264,XXXX,FILL,AGENCY
EXE-000358,ORD-000358,HD,ACC-059,TRD-029,SELL,387.0481,300,2024-02-02,09:54:48.758,XNYS,FILL,AGENCY
EXE-000363,ORD-000363,META,ACC-061,TRD-024,BUY,341.3612,100,2024-02-02,11:14:01.634,XNAS,FILL,AGENCY
EXE-000372,ORD-000372,AUDUSD,ACC-058,TRD-001,SELL,0.7342,200,2024-02-02,11:15:32.716,XXXX,FILL,AGENCY
EXE-000365,ORD-000365,DIS,ACC-068,TRD-050,BUY,93.9321,150,2024-02-02,11:25:47.274,XNYS,FILL,AGENCY
EXE-000366,ORD-000366,AMZN_C180,ACC-014,TRD-021,BUY,9.9082,10,2024-02-02,11:34:32.329,XCBO,FILL,AGENCY
EXE-000360,ORD-000360,JNJ,ACC-007,TRD-002,BUY,146.583,150,2024-02-02,11:59:10.497,XNYS,FILL,AGENCY
EXE-000359,ORD-000359,COST,ACC-023,TRD-040,SELL,711.7337,500,2024-02-02,12:49:43.027,XNAS,FILL,AGENCY
EXE-000362,ORD-000362,NVDA,ACC-082,TRD-040,BUY,689.7657,100,2024-02-02,12:51:59.274,XNAS,FILL,AGENCY
EXE-000357,ORD-000357,V,ACC-019,TRD-024,SELL,261.9949,200,2024-02-02,13:25:45.885,XNYS,FILL,AGENCY
EXE-000371,ORD-000371,EURUSD,ACC-059,TRD-010,BUY,1.3114,100,2024-02-02,13:51:43.125,XXXX,FILL,AGENCY
EXE-000368,ORD-000368,NQ_FUT,ACC-009,TRD-011,SELL,16398.6234,5,2024-02-02,14:04:07.963,XCME,FILL,AGENCY
EXE-000364,ORD-000364,MA,ACC-070,TRD-033,BUY,370.1466,100,2024-02-02,14:34:18.525,XNYS,FILL,AGENCY
EXE-000361,ORD-000361,CVX,ACC-066,TRD-002,BUY,155.7461,200,2024-02-02,15:34:09.491,XNYS,FILL,AGENCY
EXE-000370,ORD-000370,GBPUSD,ACC-019,TRD-018,BUY,1.1119,200,2024-02-02,15:57:01.455,XXXX,FILL,AGENCY
EXE-000737,ORD-000737,PFE,ACC-122,TRD-031,BUY,27.7908,826,2024-02-05,09:04:12.718,XNYS,FILL,AGENCY
EXE-000386,ORD-000386,USDJPY,ACC-057,TRD-016,SELL,150.0114,200,2024-02-05,09:10:29.637,XXXX,FILL,AGENCY
EXE-000681,ORD-000681,NVDA,ACC-104,TRD-027,BUY,620.0,100,2024-02-05,10:00:22.066,XNAS,FILL,PRINCIPAL
EXE-000376,ORD-000376,MRK,ACC-084,TRD-018,SELL,106.4249,500,2024-02-05,10:17:33.923,XNYS,FILL,AGENCY
EXE-000379,ORD-000379,PFE,ACC-048,TRD-023,SELL,25.6604,200,2024-02-05,10:27:39.972,XNYS,FILL,AGENCY
EXE-000735,ORD-000735,PFE,ACC-122,TRD-031,BUY,27.8178,864,2024-02-05,10:43:02.564,XNYS,FILL,AGENCY
EXE-000734,ORD-000734,PFE,ACC-122,TRD-031,BUY,27.8196,772,2024-02-05,11:12:47.584,XNYS,FILL,AGENCY
EXE-000682,ORD-000682,NVDA,ACC-104,TRD-027,BUY,620.3,80,2024-02-05,11:15:44.181,XNAS,FILL,PRINCIPAL
EXE-000736,ORD-000736,PFE,ACC-122,TRD-031,BUY,27.7731,702,2024-02-05,12:19:01.839,XNYS,FILL,AGENCY
EXE-000385,ORD-000385,GC_FUT,ACC-022,TRD-011,SELL,2293.1445,10,2024-02-05,12:30:38.417,XCME,FILL,AGENCY
EXE-000380,ORD-000380,WFC,ACC-089,TRD-017,BUY,43.2872,200,2024-02-05,12:50:13.287,XNYS,FILL,AGENCY
EXE-000683,ORD-000683,NVDA,ACC-104,TRD-027,SELL,620.1,95,2024-02-05,13:00:11.899,XNAS,FILL,PRINCIPAL
EXE-000373,ORD-000373,MS,ACC-049,TRD-043,BUY,102.266,200,2024-02-05,13:13:45.769,XNYS,FILL,AGENCY
EXE-000378,ORD-000378,XOM,ACC-058,TRD-030,BUY,101.1732,100,2024-02-05,13:15:09.814,XNYS,FILL,AGENCY
EXE-000733,ORD-000733,PFE,ACC-122,TRD-031,BUY,27.7818,836,2024-02-05,13:57:45.930,XNYS,FILL,AGENCY
EXE-000377,ORD-000377,MRK,ACC-020,TRD-029,BUY,106.4246,500,2024-02-05,13:58:53.298,XNYS,FILL,AGENCY
EXE-000375,ORD-000375,GS,ACC-030,TRD-032,BUY,376.5598,50,2024-02-05,14:02:11.667,XNYS,FILL,AGENCY
EXE-000387,ORD-000387,USDCAD,ACC-042,TRD-002,SELL,1.6019,150,2024-02-05,14:02:37.883,XXXX,FILL,AGENCY
EXE-000383,ORD-000383,AAPL_P140,ACC-011,TRD-011,SELL,4.6443,5,2024-02-05,14:11:18.130,XCBO,FILL,AGENCY
EXE-000384,ORD-000384,TSLA_C250,ACC-028,TRD-010,BUY,16.3228,10,2024-02-05,14:21:59.649,XCBO,FILL,AGENCY
EXE-000382,ORD-000382,BAC,ACC-068,TRD-007,BUY,34.7233,200,2024-02-05,14:45:10.572,XNYS,FILL,AGENCY
EXE-000388,ORD-000388,USDJPY,ACC-021,TRD-018,SELL,149.7788,500,2024-02-05,14:58:32.853,XXXX,FILL,AGENCY
EXE-000374,ORD-000374,JPM,ACC-044,TRD-047,BUY,167.9759,200,2024-02-05,15:07:01.316,XNYS,FILL,AGENCY
EXE-000684,ORD-000684,NVDA,ACC-104,TRD-027,SELL,619.9,82,2024-02-05,15:30:55.504,XNAS,FILL,PRINCIPAL
EXE-000381,ORD-000381,NKE,ACC-065,TRD-048,SELL,110.6053,50,2024-02-05,15:41:27.298,XNYS,FILL,AGENCY
EXE-000393,ORD-000393,V,ACC-075,TRD-046,BUY,266.7228,300,2024-02-06,09:05:04.849,XNYS,FILL,AGENCY
EXE-000689,ORD-000689,USDJPY,ACC-106,TRD-029,BUY,148.5,150000,2024-02-06,09:35:08.482,XXXX,FILL,PRINCIPAL
EXE-000399,ORD-000399,ZB_FUT,ACC-007,TRD-015,SELL,122.0083,2,2024-02-06,10:18:44.826,XCME,FILL,AGENCY
EXE-000396,ORD-000396,AAPL_P140,ACC-018,TRD-017,BUY,4.5448,20,2024-02-06,10:20:16.040,XCBO,FILL,AGENCY
EXE-000690,ORD-000690,USDJPY,ACC-106,TRD-029,BUY,148.52,120000,2024-02-06,11:00:33.652,XXXX,FILL,PRINCIPAL
EXE-000397,ORD-000397,NVDA_C500,ACC-047,TRD-022,SELL,121.6639,50,2024-02-06,11:26:25.974,XCBO,FILL,AGENCY
EXE-000401,ORD-000401,GBPUSD,ACC-054,TRD-020,SELL,1.1468,200,2024-02-06,11:52:25.659,XXXX,FILL,AGENCY
EXE-000402,ORD-000402,USDCAD,ACC-030,TRD-006,SELL,1.6141,300,2024-02-06,12:05:14.104,XXXX,FILL,AGENCY
EXE-000400,ORD-000400,AUDUSD,ACC-023,TRD-013,SELL,0.7295,100,2024-02-06,12:12:06.296,XXXX,FILL,AGENCY
EXE-000403,ORD-000403,USDJPY,ACC-057,TRD-008,BUY,152.4903,50,2024-02-06,12:47:02.277,XXXX,FILL,AGENCY
EXE-000390,ORD-000390,CVX,ACC-078,TRD-043,BUY,156.8198,150,2024-02-06,12:54:46.373,XNYS,FILL,AGENCY
EXE-000391,ORD-000391,NKE,ACC-043,TRD-048,SELL,111.1875,200,2024-02-06,12:59:23.896,XNYS,FILL,AGENCY
EXE-000398,ORD-000398,ES_FUT,ACC-016,TRD-004,BUY,4574.3053,5,2024-02-06,13:08:18.127,XCME,FILL,AGENCY
EXE-000395,ORD-000395,COST,ACC-076,TRD-005,BUY,696.3624,300,2024-02-06,13:10:41.101,XNAS,FILL,AGENCY
EXE-000691,ORD-000691,USDJPY,ACC-106,TRD-029,SELL,148.51,145000,2024-02-06,13:20:17.127,XXXX,FILL,PRINCIPAL
EXE-000394,ORD-000394,NKE,ACC-100,TRD-044,BUY,111.0396,150,2024-02-06,14:02:15.627,XNYS,FILL,PRINCIPAL
EXE-000389,ORD-000389,TSLA,ACC-030,TRD-016,SELL,235.8308,500,2024-02-06,14:24:52.898,XNAS,FILL,AGENCY
EXE-000404,ORD-000404,ZB_FUT,ACC-032,TRD-004,SELL,122.0028,2,2024-02-06,15:10:15.382,XCME,FILL,AGENCY
EXE-000692,ORD-000692,USDJPY,ACC-106,TRD-029,SELL,148.49,122000,2024-02-06,15:10:45.872,XXXX,FILL,PRINCIPAL
EXE-000392,ORD-000392,CVX,ACC-061,TRD-028,SELL,156.4013,500,2024-02-06,15:32:33.943,XNYS,FILL,AGENCY
EXE-000414,ORD-000414,AUDUSD,ACC-044,TRD-006,BUY,0.7265,200,2024-02-07,09:56:41.124,XXXX,FILL,AGENCY
EXE-000416,ORD-000416,EURUSD,ACC-009,TRD-014,BUY,1.3728,100,2024-02-07,10:41:03.684,XXXX,FILL,AGENCY
EXE-000409,ORD-000409,MA,ACC-038,TRD-042,BUY,388.9321,500,2024-02-07,10:51:25.089,XNYS,FILL,AGENCY
EXE-000410,ORD-000410,COP,ACC-011,TRD-014,SELL,114.2284,50,2024-02-07,11:10:52.283,XNYS,FILL,AGENCY
EXE-000412,ORD-000412,TSLA_P200,ACC-007,TRD-021,SELL,9.0946,10,2024-02-07,12:47:55.265,XCBO,FILL,AGENCY
EXE-000415,ORD-000415,USDJPY,ACC-051,TRD-007,SELL,152.0796,200,2024-02-07,12:55:43.704,XXXX,FILL,AGENCY
EXE-000407,ORD-000407,V,ACC-042,TRD-037,SELL,266.7312,200,2024-02-07,13:12:44.787,XNYS,FILL,AGENCY
EXE-000413,ORD-000413,GC_FUT,ACC-001,TRD-007,SELL,2270.6816,1,2024-02-07,13:42:57.677,XCME,FILL,AGENCY
EXE-000408,ORD-000408,MS,ACC-037,TRD-045,SELL,101.8284,500,2024-02-07,13:55:06.594,XNYS,FILL,AGENCY
EXE-000756,ORD-000771,GS,ACC-133,TRD-034,BUY,378.8,50,2024-02-07,14:00:06.224,XNYS,FILL,AGENCY
EXE-000757,ORD-000772,GS,ACC-133,TRD-034,SELL,380.0,300,2024-02-07,14:01:00.073,XNYS,FILL,AGENCY
EXE-000406,ORD-000406,MS,ACC-043,TRD-011,SELL,101.8928,200,2024-02-07,14:39:08.789,XNYS,FILL,AGENCY
EXE-000411,ORD-000411,JNJ,ACC-086,TRD-041,BUY,144.999,200,2024-02-07,15:31:43.359,XNYS,FILL,AGENCY
EXE-000405,ORD-000405,MS,ACC-052,TRD-029,BUY,101.7161,150,2024-02-07,15:37:26.468,XNYS,FILL,AGENCY
EXE-000425,ORD-000425,AAPL_P140,ACC-019,TRD-010,BUY,4.4898,10,2024-02-08,09:07:26.333,XCBO,FILL,AGENCY
EXE-000422,ORD-000422,V,ACC-054,TRD-016,SELL,262.6195,50,2024-02-08,09:29:45.129,XNYS,FILL,AGENCY
EXE-000419,ORD-000419,MSFT,ACC-020,TRD-050,SELL,385.589,50,2024-02-08,09:35:45.486,XNAS,FILL,AGENCY
EXE-000431,ORD-000431,USDCHF,ACC-001,TRD-006,BUY,0.8947,300,2024-02-08,09:52:05.968,XXXX,FILL,AGENCY
EXE-000423,ORD-000423,XOM,ACC-017,TRD-013,SELL,97.4703,200,2024-02-08,09:57:32.770,XNYS,FILL,AGENCY
EXE-000432,ORD-000432,EURUSD,ACC-051,TRD-020,SELL,1.3519,100,2024-02-08,10:07:23.674,XXXX,FILL,AGENCY
EXE-000433,ORD-000433,ZB_FUT,ACC-024,TRD-002,SELL,122.9101,5,2024-02-08,10:24:44.874,XCME,FILL,AGENCY
EXE-000430,ORD-000430,USDJPY,ACC-033,TRD-004,SELL,146.556,150,2024-02-08,10:30:53.585,XXXX,FILL,AGENCY
EXE-000421,ORD-000421,COST,ACC-013,TRD-018,SELL,689.9449,300,2024-02-08,10:52:41.749,XNAS,FILL,AGENCY
EXE-000420,ORD-000420,AAPL,ACC-067,TRD-048,SELL,197.4873,200,2024-02-08,11:15:25.720,XNYS,FILL,AGENCY
EXE-000426,ORD-000426,TSLA_P200,ACC-031,TRD-021,BUY,8.985,50,2024-02-08,12:09:02.970,XCBO,FILL,AGENCY
EXE-000424,ORD-000424,COP,ACC-067,TRD-044,BUY,115.2132,500,2024-02-08,12:20:37.948,XNYS,FILL,AGENCY
EXE-000418,ORD-000418,XOM,ACC-021,TRD-044,BUY,97.7827,300,2024-02-08,12:38:34.719,XNYS,FILL,AGENCY
EXE-000427,ORD-000427,NQ_FUT,ACC-026,TRD-013,SELL,16438.624,2,2024-02-08,12:57:59.209,XCME,FILL,AGENCY
EXE-000417,ORD-000417,JNJ,ACC-066,TRD-003,BUY,143.837,200,2024-02-08,13:28:51.599,XNYS,FILL,AGENCY
EXE-000428,ORD-000428,CL_FUT,ACC-007,TRD-009,SELL,73.8521,2,2024-02-08,14:16:15.864,XCME,FILL,AGENCY
EXE-000429,ORD-000429,AUDUSD,ACC-005,TRD-015,SELL,0.7381,100,2024-02-08,14:30:29.879,XXXX,FILL,AGENCY
EXE-000722,ORD-000722,GC_FUT,ACC-114,TRD-030,BUY,2042.0,5,2024-02-09,09:18:35.807,XCME,FILL,AGENCY
EXE-000439,ORD-000439,GOOGL,ACC-015,TRD-022,SELL,147.8924,500,2024-02-09,09:41:44.103,XNAS,FILL,AGENCY
EXE-000438,ORD-000438,WFC,ACC-087,TRD-034,SELL,43.9283,50,2024-02-09,09:49:52.925,XNYS,FILL,AGENCY
EXE-000434,ORD-000434,XOM,ACC-032,TRD-018,SELL,100.4785,200,2024-02-09,09:57:19.954,XNYS,FILL,AGENCY
EXE-000448,ORD-000448,USDCAD,ACC-030,TRD-013,SELL,1.6018,100,2024-02-09,10:03:55.231,XXXX,FILL,AGENCY
EXE-000723,ORD-000723,GC_FUT,ACC-114,TRD-030,BUY,2047.0,8,2024-02-09,10:07:18.677,XCME,FILL,AGENCY
EXE-000447,ORD-000447,GBPUSD,ACC-013,TRD-002,BUY,1.1939,300,2024-02-09,10:07:49.268,XXXX,FILL,AGENCY
EXE-000446,ORD-000446,NQ_FUT,ACC-022,TRD-013,BUY,16475.2484,1,2024-02-09,10:19:38.403,XCME,FILL,AGENCY
EXE-000437,ORD-000437,HD,ACC-033,TRD-045,SELL,371.06,100,2024-02-09,10:22:29.967,XNYS,FILL,AGENCY
EXE-000441,ORD-000441,AMZN,ACC-032,TRD-011,BUY,177.9512,150,2024-02-09,10:35:23.305,XNAS,FILL,AGENCY
EXE-000440,ORD-000440,AAPL,ACC-021,TRD-036,SELL,196.3372,300,2024-02-09,11:02:29.631,XNYS,FILL,AGENCY
EXE-000445,ORD-000445,ES_FUT,ACC-019,TRD-001,BUY,4630.5322,5,2024-02-09,11:16:34.600,XCME,FILL,AGENCY
EXE-000436,ORD-000436,TSLA,ACC-093,TRD-028,BUY,235.595,300,2024-02-09,11:43:58.623,XNAS,FILL,AGENCY
EXE-000724,ORD-000724,GC_FUT,ACC-114,TRD-030,BUY,2052.0,6,2024-02-09,11:56:02.090,XCME,FILL,AGENCY
EXE-000442,ORD-000442,COP,ACC-072,TRD-030,BUY,115.1888,50,2024-02-09,12:11:00.555,XNYS,FILL,AGENCY
EXE-000725,ORD-000725,GC_FUT,ACC-114,TRD-030,BUY,2057.0,4,2024-02-09,12:45:05.301,XCME,FILL,AGENCY
EXE-000451,ORD-000451,ZB_FUT,ACC-022,TRD-005,SELL,124.4058,2,2024-02-09,12:54:34.337,XCME,FILL,AGENCY
EXE-000727,ORD-000727,GC_FUT,ACC-114,TRD-030,BUY,2067.0,3,2024-02-09,13:22:20.082,XCME,FILL,AGENCY
EXE-000726,ORD-000726,GC_FUT,ACC-114,TRD-030,BUY,2062.0,7,2024-02-09,13:33:17.095,XCME,FILL,AGENCY
EXE-000450,ORD-000450,AUDUSD,ACC-050,TRD-011,SELL,0.742,100,2024-02-09,13:55:17.850,XXXX,FILL,AGENCY
EXE-000728,ORD-000728,GC_FUT,ACC-114,TRD-030,SELL,2055.0,2,2024-02-09,14:11:43.070,XCME,FILL,AGENCY
EXE-000449,ORD-000449,USDCHF,ACC-036,TRD-014,BUY,0.8894,200,2024-02-09,14:15:16.813,XXXX,FILL,AGENCY
EXE-000443,ORD-000443,TSLA_C250,ACC-036,TRD-004,BUY,16.2087,5,2024-02-09,14:46:37.426,XCBO,FILL,AGENCY
EXE-000435,ORD-000435,MA,ACC-091,TRD-007,SELL,395.4264,100,2024-02-09,14:50:10.181,XNYS,FILL,AGENCY
EXE-000444,ORD-000444,NQ_FUT,ACC-030,TRD-001,BUY,16414.3056,2,2024-02-09,15:33:40.325,XCME,FILL,AGENCY
EXE-000714,ORD-000714,NVDA,ACC-113,TRD-029,BUY,617.0,30,2024-02-12,09:13:15.062,XNAS,FILL,AGENCY
EXE-000453,ORD-000453,V,ACC-019,TRD-047,BUY,264.5825,100,2024-02-12,09:24:44.831,XNYS,FILL,AGENCY
EXE-000452,ORD-000452,CVX,ACC-011,TRD-029,BUY,162.8907,100,2024-02-12,09:28:21.275,XNYS,FILL,AGENCY
EXE-000454,ORD-000454,JNJ,ACC-004,TRD-040,SELL,141.4828,500,2024-02-12,10:48:43.920,XNYS,FILL,AGENCY
EXE-000715,ORD-000715,NVDA,ACC-113,TRD-029,BUY,620.0,25,2024-02-12,10:56:33.315,XNAS,FILL,AGENCY
EXE-000717,ORD-000717,NVDA,ACC-113,TRD-029,BUY,626.5,28,2024-02-12,11:23:00.562,XNAS,FILL,AGENCY
EXE-000716,ORD-000716,NVDA,ACC-113,TRD-029,BUY,623.0,35,2024-02-12,11:40:13.529,XNAS,FILL,AGENCY
EXE-000718,ORD-000718,NVDA,ACC-113,TRD-029,BUY,630.0,32,2024-02-12,12:06:37.218,XNAS,FILL,AGENCY
EXE-000463,ORD-000463,USDCAD,ACC-022,TRD-012,SELL,1.5846,200,2024-02-12,12:18:57.718,XXXX,FILL,AGENCY
EXE-000462,ORD-000462,EURUSD,ACC-039,TRD-007,BUY,1.3502,100,2024-02-12,13:05:20.676,XXXX,FILL,AGENCY
EXE-000459,ORD-000459,META,ACC-055,TRD-047,BUY,349.2501,50,2024-02-12,13:47:13.728,XNAS,FILL,AGENCY
EXE-000719,ORD-000719,NVDA,ACC-113,TRD-029,BUY,633.0,20,2024-02-12,13:50:18.216,XNAS,FILL,AGENCY
EXE-000461,ORD-000461,GC_FUT,ACC-020,TRD-008,SELL,2164.3436,2,2024-02-12,14:01:28.944,XCME,FILL,AGENCY
EXE-000721,ORD-000721,NVDA,ACC-113,TRD-029,SELL,625.0,10,2024-02-12,14:16:39.468,XNAS,FILL,AGENCY
EXE-000456,ORD-000456,META,ACC-048,TRD-048,BUY,348.9369,300,2024-02-12,14:28:50.668,XNAS,FILL,AGENCY
EXE-000720,ORD-000720,NVDA,ACC-113,TRD-029,BUY,636.0,25,2024-02-12,14:33:36.596,XNAS,FILL,AGENCY
EXE-000464,ORD-000464,ZB_FUT,ACC-020,TRD-008,BUY,125.6086,5,2024-02-12,15:11:08.462,XCME,FILL,AGENCY
EXE-000455,ORD-000455,NVDA,ACC-034,TRD-015,BUY,684.666,50,2024-02-12,15:24:15.183,XNAS,FILL,AGENCY
EXE-000460,ORD-000460,TSLA_P200,ACC-026,TRD-016,SELL,8.9158,50,2024-02-12,15:28:46.393,XCBO,FILL,AGENCY
EXE-000457,ORD-000457,MSFT,ACC-023,TRD-031,BUY,388.3202,500,2024-02-12,15:46:48.203,XNAS,FILL,AGENCY
EXE-000458,ORD-000458,JNJ,ACC-052,TRD-031,BUY,141.6254,100,2024-02-12,15:59:41.972,XNYS,FILL,AGENCY
EXE-000471,ORD-000471,BAC,ACC-015,TRD-040,SELL,35.7424,500,2024-02-13,09:05:45.254,XNYS,FILL,AGENCY
EXE-000467,ORD-000467,V,ACC-100,TRD-001,SELL,270.1042,150,2024-02-13,09:06:53.310,XNYS,FILL,PRINCIPAL
EXE-000478,ORD-000478,USDJPY,ACC-012,TRD-011,BUY,146.4896,200,2024-02-13,09:15:34.045,XXXX,FILL,AGENCY
EXE-000479,ORD-000479,AUDUSD,ACC-007,TRD-013,SELL,0.7256,200,2024-02-13,09:25:56.633,XXXX,FILL,AGENCY
EXE-000468,ORD-000468,DIS,ACC-076,TRD-010,SELL,94.5345,200,2024-02-13,09:51:42.428,XNYS,FILL,AGENCY
EXE-000474,ORD-000474,TSLA_P200,ACC-041,TRD-016,SELL,8.537,10,2024-02-13,10:46:07.793,XCBO,FILL,AGENCY
EXE-000475,ORD-000475,ZB_FUT,ACC-014,TRD-003,SELL,124.0714,5,2024-02-13,11:44:45.933,XCME,FILL,AGENCY
EXE-000465,ORD-000465,COST,ACC-033,TRD-032,SELL,676.7643,200,2024-02-13,12:01:21.210,XNAS,FILL,AGENCY
EXE-000739,ORD-000739,XOM,ACC-123,TRD-032,SELL,101.5621,202,2024-02-13,13:32:03.319,XNYS,FILL,AGENCY
EXE-000477,ORD-000477,USDCHF,ACC-036,TRD-003,BUY,0.8767,200,2024-02-13,14:09:16.752,XXXX,FILL,AGENCY
EXE-000741,ORD-000741,XOM,ACC-123,TRD-032,SELL,101.5547,294,2024-02-13,14:10:01.361,XNYS,FILL,AGENCY
EXE-000738,ORD-000738,XOM,ACC-123,TRD-032,SELL,101.4271,221,2024-02-13,14:22:29.468,XNYS,FILL,AGENCY
EXE-000740,ORD-000740,XOM,ACC-123,TRD-032,SELL,101.5303,283,2024-02-13,14:26:03.772,XNYS,FILL,AGENCY
EXE-000472,ORD-000472,AMZN,ACC-085,TRD-030,SELL,170.7259,150,2024-02-13,14:42:37.287,XNAS,FILL,AGENCY
EXE-000466,ORD-000466,BAC,ACC-026,TRD-039,SELL,35.7517,150,2024-02-13,14:54:20.750,XNYS,FILL,AGENCY
EXE-000473,ORD-000473,HD,ACC-013,TRD-045,SELL,363.7317,150,2024-02-13,15:07:08.780,XNYS,FILL,AGENCY
EXE-000470,ORD-000470,JPM,ACC-069,TRD-013,SELL,165.2313,500,2024-02-13,15:07:42.010,XNYS,FILL,AGENCY
EXE-000469,ORD-000469,MSFT,ACC-037,TRD-033,BUY,391.1594,100,2024-02-13,15:39:52.666,XNAS,FILL,AGENCY
EXE-000476,ORD-000476,GC_FUT,ACC-004,TRD-007,BUY,2161.5139,2,2024-02-13,15:42:56.429,XCME,FILL,AGENCY
EXE-000481,ORD-000481,WFC,ACC-045,TRD-025,BUY,44.6438,200,2024-02-14,09:24:15.973,XNYS,FILL,AGENCY
EXE-000760,ORD-000785,NQ_FUT,ACC-135,TRD-035,BUY,17195.0,3,2024-02-14,10:00:06.875,XCME,FILL,AGENCY
EXE-000761,ORD-000786,NQ_FUT,ACC-135,TRD-035,SELL,17230.0,15,2024-02-14,10:01:00.569,XCME,FILL,AGENCY
EXE-000491,ORD-000491,USDCHF,ACC-056,TRD-005,BUY,0.848,300,2024-02-14,10:03:44.791,XXXX,FILL,AGENCY
EXE-000482,ORD-000482,META,ACC-050,TRD-004,BUY,348.8447,100,2024-02-14,10:43:33.052,XNAS,FILL,AGENCY
EXE-000488,ORD-000488,ZB_FUT,ACC-004,TRD-004,BUY,122.2268,5,2024-02-14,11:05:34.709,XCME,FILL,AGENCY
EXE-000490,ORD-000490,NQ_FUT,ACC-026,TRD-004,SELL,15844.0228,1,2024-02-14,11:57:37.901,XCME,FILL,AGENCY
EXE-000489,ORD-000489,ZB_FUT,ACC-015,TRD-006,SELL,122.401,5,2024-02-14,12:33:02.312,XCME,FILL,AGENCY
EXE-000485,ORD-000485,META,ACC-036,TRD-049,BUY,349.3029,200,2024-02-14,13:03:23.558,XNAS,FILL,AGENCY
EXE-000493,ORD-000493,USDCHF,ACC-048,TRD-020,BUY,0.848,300,2024-02-14,13:10:23.154,XXXX,FILL,AGENCY
EXE-000487,ORD-000487,AAPL_P140,ACC-023,TRD-017,BUY,4.5127,50,2024-02-14,13:26:34.395,XCBO,FILL,AGENCY
EXE-000486,ORD-000486,CVX,ACC-022,TRD-027,SELL,158.9064,50,2024-02-14,13:46:16.501,XNYS,FILL,AGENCY
EXE-000483,ORD-000483,XOM,ACC-088,TRD-020,BUY,102.1161,100,2024-02-14,14:04:58.480,XNYS,FILL,AGENCY
EXE-000484,ORD-000484,BAC,ACC-084,TRD-034,BUY,36.1348,500,2024-02-14,14:44:51.986,XNYS,FILL,AGENCY
EXE-000492,ORD-000492,USDCAD,ACC-055,TRD-003,BUY,1.6095,500,2024-02-14,15:00:06.716,XXXX,FILL,AGENCY
EXE-000480,ORD-000480,JNJ,ACC-013,TRD-020,BUY,143.4131,50,2024-02-14,15:58:18.308,XNYS,FILL,AGENCY
EXE-000499,ORD-000499,JNJ,ACC-048,TRD-035,SELL,143.8839,500,2024-02-15,09:09:51.801,XNYS,FILL,AGENCY
EXE-000495,ORD-000495,DIS,ACC-055,TRD-001,BUY,96.4815,300,2024-02-15,10:03:30.294,XNYS,FILL,AGENCY
EXE-000501,ORD-000501,COST,ACC-100,TRD-005,SELL,690.2198,100,2024-02-15,10:34:51.693,XNAS,FILL,PRINCIPAL
EXE-000500,ORD-000500,MSFT,ACC-074,TRD-021,BUY,392.4872,500,2024-02-15,11:31:25.141,XNAS,FILL,AGENCY
EXE-000494,ORD-000494,NVDA,ACC-017,TRD-034,BUY,640.1706,150,2024-02-15,11:31:54.069,XNAS,FILL,AGENCY
EXE-000746,ORD-000746,TSLA,ACC-125,TRD-031,SELL,244.1926,141,2024-02-15,12:14:34.237,XNAS,FILL,AGENCY
EXE-000502,ORD-000502,META,ACC-019,TRD-014,BUY,344.4335,50,2024-02-15,12:19:17.150,XNAS,FILL,AGENCY
EXE-000507,ORD-000507,USDJPY,ACC-048,TRD-010,BUY,145.6133,100,2024-02-15,12:21:26.508,XXXX,FILL,AGENCY
EXE-000748,ORD-000748,TSLA,ACC-125,TRD-031,SELL,244.0946,102,2024-02-15,12:56:32.011,XNAS,FILL,AGENCY
EXE-000745,ORD-000745,TSLA,ACC-125,TRD-031,SELL,243.8484,120,2024-02-15,12:59:15.597,XNAS,FILL,AGENCY
EXE-000504,ORD-000504,TSLA_C250,ACC-009,TRD-001,BUY,16.3921,5,2024-02-15,13:06:07.609,XCBO,FILL,AGENCY
EXE-000496,ORD-000496,WFC,ACC-026,TRD-015,BUY,43.3924,150,2024-02-15,13:17:34.128,XNYS,FILL,AGENCY
EXE-000505,ORD-000505,NQ_FUT,ACC-026,TRD-012,SELL,15718.969,5,2024-02-15,13:43:15.165,XCME,FILL,AGENCY
EXE-000497,ORD-000497,UNH,ACC-037,TRD-039,SELL,488.864,100,2024-02-15,14:03:25.544,XNYS,FILL,AGENCY
EXE-000503,ORD-000503,TSLA_C250,ACC-039,TRD-006,SELL,16.3915,10,2024-02-15,14:15:49.889,XCBO,FILL,AGENCY
EXE-000747,ORD-000747,TSLA,ACC-125,TRD-031,SELL,243.9336,137,2024-02-15,14:57:53.841,XNAS,FILL,AGENCY
EXE-000498,ORD-000498,NVDA,ACC-020,TRD-038,SELL,641.5681,300,2024-02-15,15:03:07.190,XNAS,FILL,AGENCY
EXE-000506,ORD-000506,USDJPY,ACC-043,TRD-004,SELL,145.4699,150,2024-02-15,15:30:26.088,XXXX,FILL,AGENCY
EXE-000511,ORD-000511,JPM,ACC-074,TRD-044,BUY,168.0842,200,2024-02-16,09:21:09.640,XNYS,FILL,AGENCY
EXE-000523,ORD-000523,USDCHF,ACC-060,TRD-020,SELL,0.8423,300,2024-02-16,09:32:59.779,XXXX,FILL,AGENCY
EXE-000525,ORD-000525,USDCHF,ACC-043,TRD-016,SELL,0.8416,300,2024-02-16,09:43:00.733,XXXX,FILL,AGENCY
EXE-000512,ORD-000512,GOOGL,ACC-025,TRD-028,SELL,146.3847,500,2024-02-16,09:47:16.628,XNAS,FILL,AGENCY
EXE-000516,ORD-000516,TSLA,ACC-036,TRD-010,BUY,245.3805,300,2024-02-16,09:55:48.106,XNAS,FILL,AGENCY
EXE-000510,ORD-000510,AMZN,ACC-053,TRD-022,BUY,166.2145,50,2024-02-16,11:20:39.247,XNAS,FILL,AGENCY
EXE-000524,ORD-000524,USDCHF,ACC-025,TRD-008,SELL,0.8435,100,2024-02-16,12:07:03.208,XXXX,FILL,AGENCY
EXE-000508,ORD-000508,MS,ACC-086,TRD-005,BUY,100.659,500,2024-02-16,12:08:09.142,XNYS,FILL,AGENCY
EXE-000521,ORD-000521,NQ_FUT,ACC-007,TRD-013,SELL,15618.1441,2,2024-02-16,12:25:34.406,XCME,FILL,AGENCY
EXE-000526,ORD-000526,USDCHF,ACC-003,TRD-009,SELL,0.8409,200,2024-02-16,12:28:52.854,XXXX,FILL,AGENCY
EXE-000509,ORD-000509,COP,ACC-023,TRD-039,SELL,110.6812,300,2024-02-16,13:02:25.355,XNYS,FILL,AGENCY
EXE-000519,ORD-000519,AAPL_P140,ACC-025,TRD-010,BUY,4.3523,5,2024-02-16,13:39:47.338,XCBO,FILL,AGENCY
EXE-000517,ORD-000517,MS,ACC-096,TRD-033,SELL,100.4879,100,2024-02-16,14:13:56.013,XNYS,FILL,AGENCY
EXE-000515,ORD-000515,AMZN,ACC-071,TRD-020,SELL,166.5961,150,2024-02-16,14:21:15.462,XNAS,FILL,AGENCY
EXE-000518,ORD-000518,TSLA_P200,ACC-031,TRD-023,SELL,8.3199,50,2024-02-16,14:21:31.650,XCBO,FILL,AGENCY
EXE-000514,ORD-000514,UNH,ACC-017,TRD-024,SELL,498.4702,200,2024-02-16,14:43:25.742,XNYS,FILL,AGENCY
EXE-000527,ORD-000527,ZB_FUT,ACC-031,TRD-003,BUY,124.798,5,2024-02-16,15:01:35.928,XCME,FILL,AGENCY
EXE-000522,ORD-000522,GC_FUT,ACC-003,TRD-010,BUY,2198.3892,5,2024-02-16,15:43:14.463,XCME,FILL,AGENCY
EXE-000520,ORD-000520,AMZN_C180,ACC-040,TRD-014,SELL,9.8382,20,2024-02-16,15:51:24.295,XCBO,FILL,AGENCY
EXE-000513,ORD-000513,BAC,ACC-005,TRD-008,BUY,37.1852,500,2024-02-16,15:56:46.426,XNYS,FILL,AGENCY
EXE-000529,ORD-000529,AMZN,ACC-097,TRD-036,SELL,163.4931,300,2024-02-19,09:07:04.211,XNAS,FILL,AGENCY
EXE-000541,ORD-000541,ES_FUT,ACC-029,TRD-005,SELL,4675.0205,1,2024-02-19,09:12:54.304,XCME,FILL,AGENCY
EXE-000537,ORD-000537,MS,ACC-031,TRD-018,SELL,100.7752,100,2024-02-19,10:25:24.860,XNYS,FILL,AGENCY
EXE-000534,ORD-000534,GOOGL,ACC-034,TRD-037,SELL,143.9307,100,2024-02-19,10:38:30.086,XNAS,FILL,AGENCY
EXE-000528,ORD-000528,PFE,ACC-036,TRD-005,BUY,26.0618,300,2024-02-19,10:54:30.866,XNYS,FILL,AGENCY
EXE-000540,ORD-000540,ZB_FUT,ACC-016,TRD-005,BUY,122.7062,1,2024-02-19,10:56:41.364,XCME,FILL,AGENCY
EXE-000544,ORD-000544,USDJPY,ACC-018,TRD-014,SELL,141.0862,300,2024-02-19,11:54:13.367,XXXX,FILL,AGENCY
EXE-000535,ORD-000535,NVDA,ACC-099,TRD-013,SELL,638.5783,200,2024-02-19,11:55:20.203,XNAS,FILL,AGENCY
EXE-000539,ORD-000539,ZB_FUT,ACC-011,TRD-004,SELL,122.5233,10,2024-02-19,12:16:03.871,XCME,FILL,AGENCY
EXE-000530,ORD-000530,COP,ACC-013,TRD-038,SELL,109.7354,150,2024-02-19,12:56:16.612,XNYS,FILL,AGENCY
EXE-000536,ORD-000536,NVDA,ACC-062,TRD-047,BUY,638.3505,50,2024-02-19,13:45:00.277,XNAS,FILL,AGENCY
EXE-000533,ORD-000533,COST,ACC-018,TRD-048,BUY,685.9492,100,2024-02-19,14:17:14.091,XNAS,FILL,AGENCY
EXE-000538,ORD-000538,AAPL_C150,ACC-040,TRD-005,BUY,34.8469,10,2024-02-19,14:33:42.595,XCBO,FILL,AGENCY
EXE-000531,ORD-000531,META,ACC-097,TRD-027,BUY,342.8899,500,2024-02-19,14:34:34.330,XNAS,FILL,AGENCY
EXE-000545,ORD-000545,GBPUSD,ACC-017,TRD-009,SELL,1.2415,300,2024-02-19,15:10:32.366,XXXX,FILL,AGENCY
EXE-000542,ORD-000542,USDCHF,ACC-026,TRD-008,SELL,0.8266,150,2024-02-19,15:15:10.618,XXXX,FILL,AGENCY
EXE-000543,ORD-000543,USDJPY,ACC-017,TRD-016,BUY,141.1035,50,2024-02-19,15:17:16.308,XXXX,FILL,AGENCY
EXE-000546,ORD-000546,ZB_FUT,ACC-020,TRD-009,SELL,122.6491,5,2024-02-19,15:22:02.943,XCME,FILL,AGENCY
EXE-000532,ORD-000532,V,ACC-075,TRD-028,BUY,264.0891,500,2024-02-19,15:36:53.162,XNYS,FILL,AGENCY
EXE-000557,ORD-000557,USDCAD,ACC-057,TRD-017,SELL,1.6101,300,2024-02-20,09:11:15.053,XXXX,FILL,AGENCY
EXE-000548,ORD-000548,HD,ACC-086,TRD-037,SELL,367.6283,50,2024-02-20,09:39:04.032,XNYS,FILL,AGENCY
EXE-000554,ORD-000554,NVDA_C500,ACC-042,TRD-020,SELL,119.2895,20,2024-02-20,10:03:14.651,XCBO,FILL,AGENCY
EXE-000559,ORD-000559,USDJPY,ACC-057,TRD-002,BUY,139.6877,100,2024-02-20,10:30:32.915,XXXX,FILL,AGENCY
EXE-000556,ORD-000556,CL_FUT,ACC-024,TRD-006,BUY,73.8551,5,2024-02-20,10:59:45.681,XCME,FILL,AGENCY
EXE-000558,ORD-000558,GBPUSD,ACC-051,TRD-010,SELL,1.2237,150,2024-02-20,11:22:32.972,XXXX,FILL,AGENCY
EXE-000550,ORD-000550,HD,ACC-014,TRD-027,BUY,368.7049,150,2024-02-20,11:29:54.556,XNYS,FILL,AGENCY
EXE-000547,ORD-000547,HD,ACC-015,TRD-030,BUY,367.9594,150,2024-02-20,11:32:35.277,XNYS,FILL,AGENCY
EXE-000549,ORD-000549,AMZN,ACC-021,TRD-041,BUY,164.4697,200,2024-02-20,11:48:09.726,XNAS,FILL,AGENCY
EXE-000560,ORD-000560,USDCHF,ACC-018,TRD-004,BUY,0.8347,500,2024-02-20,12:30:38.413,XXXX,FILL,AGENCY
EXE-000552,ORD-000552,MRK,ACC-016,TRD-023,BUY,102.6046,200,2024-02-20,13:12:02.356,XNYS,FILL,AGENCY
EXE-000551,ORD-000551,UNH,ACC-079,TRD-037,BUY,497.9672,100,2024-02-20,13:41:04.033,XNYS,FILL,AGENCY
EXE-000750,ORD-000750,JPM,ACC-126,TRD-033,BUY,174.3624,165,2024-02-20,13:57:57.098,XNYS,FILL,AGENCY
EXE-000751,ORD-000751,JPM,ACC-126,TRD-033,BUY,174.4412,254,2024-02-20,14:18:31.029,XNYS,FILL,AGENCY
EXE-000749,ORD-000749,JPM,ACC-126,TRD-033,BUY,174.6147,181,2024-02-20,14:45:48.980,XNYS,FILL,AGENCY
EXE-000555,ORD-000555,ZB_FUT,ACC-006,TRD-002,SELL,118.7141,5,2024-02-20,14:47:48.698,XCME,FILL,AGENCY
EXE-000553,ORD-000553,AAPL_C150,ACC-026,TRD-011,SELL,35.2131,5,2024-02-20,15:35:41.855,XCBO,FILL,AGENCY
EXE-000563,ORD-000563,GOOGL,ACC-019,TRD-020,SELL,144.1365,100,2024-02-21,10:05:13.889,XNAS,FILL,AGENCY
EXE-000570,ORD-000570,AMZN_C180,ACC-022,TRD-012,SELL,9.7054,5,2024-02-21,10:24:02.321,XCBO,FILL,AGENCY
EXE-000574,ORD-000574,USDCHF,ACC-055,TRD-011,SELL,0.8615,500,2024-02-21,10:53:25.509,XXXX,FILL,AGENCY
EXE-000575,ORD-000575,USDCHF,ACC-056,TRD-020,SELL,0.8624,200,2024-02-21,11:02:35.594,XXXX,FILL,AGENCY
EXE-000565,ORD-000565,AMZN,ACC-023,TRD-038,SELL,169.0424,500,2024-02-21,11:20:03.637,XNAS,FILL,AGENCY
EXE-000566,ORD-000566,GOOGL,ACC-062,TRD-035,SELL,143.7808,300,2024-02-21,12:20:38.354,XNAS,FILL,AGENCY
EXE-000569,ORD-000569,AMZN_C180,ACC-028,TRD-013,SELL,9.7153,5,2024-02-21,12:44:41.705,XCBO,FILL,AGENCY
EXE-000561,ORD-000561,PFE,ACC-017,TRD-010,BUY,25.2978,50,2024-02-21,14:03:16.184,XNYS,FILL,AGENCY
EXE-000568,ORD-000568,AAPL,ACC-083,TRD-035,SELL,212.7225,150,2024-02-21,14:05:56.976,XNYS,FILL,AGENCY
EXE-000567,ORD-000567,AAPL,ACC-032,TRD-003,BUY,212.8342,150,2024-02-21,14:29:48.790,XNYS,FILL,AGENCY
EXE-000571,ORD-000571,CL_FUT,ACC-010,TRD-001,SELL,75.2562,2,2024-02-21,15:00:10.687,XCME,FILL,AGENCY
EXE-000572,ORD-000572,ES_FUT,ACC-025,TRD-010,SELL,4778.3439,1,2024-02-21,15:01:47.619,XCME,FILL,AGENCY
EXE-000564,ORD-000564,TSLA,ACC-002,TRD-020,BUY,260.2868,500,2024-02-21,15:47:00.773,XNAS,FILL,AGENCY
EXE-000573,ORD-000573,ZB_FUT,ACC-016,TRD-013,BUY,117.37,1,2024-02-21,15:56:58.793,XCME,FILL,AGENCY
EXE-000562,ORD-000562,NVDA,ACC-036,TRD-001,SELL,633.1599,100,2024-02-21,15:59:54.645,XNAS,FILL,AGENCY
EXE-000581,ORD-000581,MA,ACC-039,TRD-036,SELL,370.2524,500,2024-02-22,09:00:08.227,XNYS,FILL,AGENCY
EXE-000579,ORD-000579,AMZN,ACC-008,TRD-037,SELL,172.4175,100,2024-02-22,09:05:37.714,XNAS,FILL,AGENCY
EXE-000580,ORD-000580,AMZN,ACC-094,TRD-050,BUY,172.1516,500,2024-02-22,09:50:29.070,XNAS,FILL,AGENCY
EXE-000583,ORD-000583,AAPL_P140,ACC-047,TRD-009,SELL,4.4047,10,2024-02-22,09:59:43.428,XCBO,FILL,AGENCY
EXE-000584,ORD-000584,NVDA_C500,ACC-034,TRD-004,SELL,121.4708,50,2024-02-22,10:05:21.336,XCBO,FILL,AGENCY
EXE-000587,ORD-000587,GBPUSD,ACC-055,TRD-020,BUY,1.2085,300,2024-02-22,10:23:33.556,XXXX,FILL,AGENCY
EXE-000576,ORD-000576,COST,ACC-037,TRD-014,SELL,685.3564,50,2024-02-22,11:09:48.043,XNAS,FILL,AGENCY
EXE-000578,ORD-000578,MRK,ACC-042,TRD-010,SELL,98.5497,50,2024-02-22,11:40:51.155,XNYS,FILL,AGENCY
EXE-000582,ORD-000582,GS,ACC-046,TRD-002,SELL,377.3267,100,2024-02-22,12:23:57.702,XNYS,FILL,AGENCY
EXE-000577,ORD-000577,JPM,ACC-061,TRD-003,BUY,188.7652,500,2024-02-22,14:04:21.912,XNYS,FILL,AGENCY
EXE-000586,ORD-000586,USDJPY,ACC-004,TRD-011,BUY,143.8122,200,2024-02-22,14:29:16.720,XXXX,FILL,AGENCY
EXE-000585,ORD-000585,CL_FUT,ACC-026,TRD-003,SELL,75.6097,10,2024-02-22,15:23:54.750,XCME,FILL,AGENCY
EXE-000600,ORD-000600,CL_FUT,ACC-023,TRD-014,SELL,76.5732,1,2024-02-23,10:32:08.533,XCME,FILL,AGENCY
EXE-000593,ORD-000593,AAPL,ACC-077,TRD-019,BUY,211.2928,150,2024-02-23,10:32:39.344,XNYS,FILL,AGENCY
EXE-000591,ORD-000591,COP,ACC-095,TRD-011,SELL,112.3995,500,2024-02-23,10:33:17.368,XNYS,FILL,AGENCY
EXE-000592,ORD-000592,TSLA,ACC-030,TRD-046,SELL,253.8991,50,2024-02-23,10:37:12.583,XNAS,FILL,AGENCY
EXE-000599,ORD-000599,ES_FUT,ACC-002,TRD-009,SELL,4750.2573,10,2024-02-23,10:56:59.454,XCME,FILL,AGENCY
EXE-000602,ORD-000602,USDJPY,ACC-001,TRD-012,BUY,142.2906,200,2024-02-23,10:58:35.936,XXXX,FILL,AGENCY
EXE-000598,ORD-000598,GC_FUT,ACC-021,TRD-005,SELL,2248.6044,10,2024-02-23,11:01:39.953,XCME,FILL,AGENCY
EXE-000595,ORD-000595,AMZN_C180,ACC-045,TRD-006,BUY,9.2261,20,2024-02-23,11:39:09.404,XCBO,FILL,AGENCY
EXE-000590,ORD-000590,HD,ACC-013,TRD-047,SELL,371.8492,150,2024-02-23,11:43:17.058,XNYS,FILL,AGENCY
EXE-000603,ORD-000603,ZB_FUT,ACC-017,TRD-005,SELL,118.3031,1,2024-02-23,11:52:17.556,XCME,FILL,AGENCY
EXE-000596,ORD-000596,AAPL_C150,ACC-041,TRD-008,BUY,35.4395,50,2024-02-23,12:40:26.112,XCBO,FILL,AGENCY
EXE-000594,ORD-000594,BAC,ACC-079,TRD-037,SELL,39.3285,200,2024-02-23,12:44:38.359,XNYS,FILL,AGENCY
EXE-000588,ORD-000588,TSLA,ACC-019,TRD-010,BUY,254.5255,100,2024-02-23,14:01:38.005,XNAS,FILL,AGENCY
EXE-000601,ORD-000601,GBPUSD,ACC-006,TRD-016,BUY,1.2273,200,2024-02-23,14:23:28.977,XXXX,FILL,AGENCY
EXE-000597,ORD-000597,TSLA_C250,ACC-046,TRD-012,BUY,17.3041,10,2024-02-23,15:02:10.908,XCBO,FILL,AGENCY
EXE-000589,ORD-000589,AAPL,ACC-057,TRD-015,SELL,211.3909,200,2024-02-23,15:05:31.850,XNYS,FILL,AGENCY
EXE-000610,ORD-000610,NVDA,ACC-078,TRD-037,BUY,617.6873,100,2024-02-26,09:11:15.069,XNAS,FILL,AGENCY
EXE-000608,ORD-000608,XOM,ACC-079,TRD-029,BUY,97.1189,100,2024-02-26,10:03:50.048,XNYS,FILL,AGENCY
EXE-000617,ORD-000617,USDJPY,ACC-045,TRD-010,SELL,145.0811,150,2024-02-26,11:20:04.373,XXXX,FILL,AGENCY
EXE-000611,ORD-000611,AMZN,ACC-041,TRD-019,BUY,175.6107,50,2024-02-26,11:32:42.913,XNAS,FILL,AGENCY
EXE-000606,ORD-000606,NVDA,ACC-042,TRD-024,SELL,617.0193,150,2024-02-26,11:38:10.031,XNAS,FILL,AGENCY
EXE-000612,ORD-000612,BAC,ACC-031,TRD-009,BUY,39.7543,200,2024-02-26,11:58:09.314,XNYS,FILL,AGENCY
EXE-000605,ORD-000605,XOM,ACC-040,TRD-001,SELL,96.8473,50,2024-02-26,12:11:42.378,XNYS,FILL,AGENCY
EXE-000615,ORD-000615,ES_FUT,ACC-021,TRD-008,SELL,4760.793,2,2024-02-26,12:14:50.180,XCME,FILL,AGENCY
EXE-000613,ORD-000613,AMZN_C180,ACC-030,TRD-016,SELL,9.2966,10,2024-02-26,12:43:19.829,XCBO,FILL,AGENCY
EXE-000614,ORD-000614,TSLA_P200,ACC-047,TRD-014,SELL,8.6311,20,2024-02-26,13:14:58.816,XCBO,FILL,AGENCY
EXE-000609,ORD-000609,V,ACC-055,TRD-031,SELL,266.1987,100,2024-02-26,13:21:27.810,XNYS,FILL,AGENCY
EXE-000619,ORD-000619,ZB_FUT,ACC-004,TRD-004,BUY,118.2251,1,2024-02-26,13:26:07.293,XCME,FILL,AGENCY
EXE-000604,ORD-000604,WFC,ACC-060,TRD-045,SELL,43.0653,100,2024-02-26,13:29:20.225,XNYS,FILL,AGENCY
EXE-000607,ORD-000607,JNJ,ACC-057,TRD-047,SELL,140.8018,100,2024-02-26,13:35:26.292,XNYS,FILL,AGENCY
EXE-000616,ORD-000616,USDCHF,ACC-024,TRD-009,SELL,0.8291,100,2024-02-26,13:39:42.866,XXXX,FILL,AGENCY
EXE-000618,ORD-000618,EURUSD,ACC-010,TRD-009,BUY,1.3897,100,2024-02-26,15:42:38.373,XXXX,FILL,AGENCY
EXE-000624,ORD-000624,MSFT,ACC-086,TRD-044,BUY,398.6901,500,2024-02-27,09:08:31.907,XNAS,FILL,AGENCY
EXE-000630,ORD-000630,AAPL_C150,ACC-001,TRD-011,BUY,36.1837,50,2024-02-27,09:22:33.197,XCBO,FILL,AGENCY
EXE-000628,ORD-000628,WFC,ACC-025,TRD-048,BUY,43.9705,100,2024-02-27,09:56:20.535,XNYS,FILL,AGENCY
EXE-000631,ORD-000631,GC_FUT,ACC-029,TRD-007,BUY,2226.1217,10,2024-02-27,10:11:58.573,XCME,FILL,AGENCY
EXE-000633,ORD-000633,EURUSD,ACC-049,TRD-016,BUY,1.3715,100,2024-02-27,10:17:05.733,XXXX,FILL,AGENCY
EXE-000635,ORD-000635,AUDUSD,ACC-026,TRD-010,SELL,0.7034,100,2024-02-27,10:38:53.705,XXXX,FILL,AGENCY
EXE-000626,ORD-000626,PFE,ACC-084,TRD-042,SELL,25.9346,100,2024-02-27,10:49:49.093,XNYS,FILL,AGENCY
EXE-000634,ORD-000634,GBPUSD,ACC-044,TRD-008,BUY,1.2394,500,2024-02-27,11:02:50.966,XXXX,FILL,AGENCY
EXE-000627,ORD-000627,DIS,ACC-002,TRD-040,SELL,86.1324,500,2024-02-27,12:14:17.015,XNYS,FILL,AGENCY
EXE-000632,ORD-000632,EURUSD,ACC-035,TRD-019,BUY,1.3679,500,2024-02-27,12:18:35.700,XXXX,FILL,AGENCY
EXE-000621,ORD-000621,HD,ACC-099,TRD-046,SELL,370.9822,150,2024-02-27,12:18:49.903,XNYS,FILL,AGENCY
EXE-000629,ORD-000629,AMZN_C180,ACC-039,TRD-017,SELL,9.416,50,2024-02-27,12:40:12.568,XCBO,FILL,AGENCY
EXE-000623,ORD-000623,MRK,ACC-072,TRD-016,BUY,94.9097,150,2024-02-27,13:33:59.812,XNYS,FILL,AGENCY
EXE-000620,ORD-000620,MRK,ACC-065,TRD-027,BUY,94.7936,100,2024-02-27,13:58:27.263,XNYS,FILL,AGENCY
EXE-000625,ORD-000625,AMZN,ACC-002,TRD-047,SELL,175.2987,500,2024-02-27,15:18:54.236,XNAS,FILL,AGENCY
EXE-000622,ORD-000622,GS,ACC-098,TRD-005,SELL,386.4508,150,2024-02-27,15:54:44.825,XNYS,FILL,AGENCY
EXE-000654,ORD-000654,ZB_FUT,ACC-032,TRD-003,BUY,118.1197,10,2024-02-28,09:09:01.706,XCME,FILL,AGENCY
EXE-000652,ORD-000652,GBPUSD,ACC-035,TRD-005,BUY,1.1939,200,2024-02-28,10:01:39.011,XXXX,FILL,AGENCY
EXE-000643,ORD-000643,DIS,ACC-066,TRD-011,BUY,86.5292,500,2024-02-28,10:24:03.499,XNYS,FILL,AGENCY
EXE-000636,ORD-000636,V,ACC-075,TRD-021,SELL,272.4931,300,2024-02-28,10:33:57.222,XNYS,FILL,AGENCY
EXE-000637,ORD-000637,GOOGL,ACC-064,TRD-006,BUY,137.5319,500,2024-02-28,11:00:29.472,XNAS,FILL,AGENCY
EXE-000651,ORD-000651,GBPUSD,ACC-038,TRD-004,BUY,1.195,100,2024-02-28,11:37:59.367,XXXX,FILL,AGENCY
EXE-000650,ORD-000650,EURUSD,ACC-009,TRD-002,SELL,1.3807,100,2024-02-28,11:38:00.199,XXXX,FILL,AGENCY
EXE-000642,ORD-000642,MS,ACC-045,TRD-035,BUY,102.5646,150,2024-02-28,11:40:32.867,XNYS,FILL,AGENCY
EXE-000653,ORD-000653,EURUSD,ACC-058,TRD-019,BUY,1.3806,100,2024-02-28,12:02:05.392,XXXX,FILL,AGENCY
EXE-000641,ORD-000641,AMZN,ACC-061,TRD-035,SELL,171.4532,300,2024-02-28,12:08:49.264,XNAS,FILL,AGENCY
EXE-000649,ORD-000649,CL_FUT,ACC-027,TRD-012,BUY,77.4254,1,2024-02-28,12:44:12.394,XCME,FILL,AGENCY
EXE-000646,ORD-000646,AMZN_C180,ACC-042,TRD-002,BUY,9.5412,20,2024-02-28,12:57:41.228,XCBO,FILL,AGENCY
EXE-000648,ORD-000648,AAPL_C150,ACC-010,TRD-010,SELL,36.4279,50,2024-02-28,13:41:45.273,XCBO,FILL,AGENCY
EXE-000644,ORD-000644,JPM,ACC-017,TRD-006,SELL,158.5258,150,2024-02-28,13:43:06.361,XNYS,FILL,AGENCY
EXE-000639,ORD-000639,JPM,ACC-090,TRD-003,SELL,158.7305,200,2024-02-28,13:55:30.075,XNYS,FILL,AGENCY
EXE-000638,ORD-000638,JNJ,ACC-062,TRD-030,SELL,133.6545,300,2024-02-28,14:07:11.181,XNYS,FILL,AGENCY
EXE-000645,ORD-000645,MSFT,ACC-025,TRD-038,BUY,397.3766,200,2024-02-28,14:09:00.480,XNAS,FILL,AGENCY
EXE-000640,ORD-000640,TSLA,ACC-002,TRD-050,BUY,253.3599,300,2024-02-28,14:37:46.129,XNAS,FILL,AGENCY
EXE-000647,ORD-000647,TSLA_P200,ACC-006,TRD-003,SELL,8.5531,20,2024-02-28,15:49:53.273,XCBO,FILL,AGENCY
EXE-000664,ORD-000664,ES_FUT,ACC-030,TRD-007,SELL,4821.4806,10,2024-02-29,09:50:06.029,XCME,FILL,AGENCY
EXE-000657,ORD-000657,UNH,ACC-029,TRD-022,BUY,478.9278,50,2024-02-29,09:57:24.006,XNYS,FILL,AGENCY
EXE-000656,ORD-000656,GS,ACC-093,TRD-017,SELL,387.3647,50,2024-02-29,10:41:38.109,XNYS,FILL,AGENCY
EXE-000665,ORD-000665,AUDUSD,ACC-012,TRD-014,BUY,0.7212,500,2024-02-29,11:05:25.821,XXXX,FILL,AGENCY
EXE-000666,ORD-000666,EURUSD,ACC-046,TRD-018,BUY,1.3644,500,2024-02-29,12:18:53.560,XXXX,FILL,AGENCY
EXE-000659,ORD-000659,HD,ACC-003,TRD-038,SELL,377.7072,500,2024-02-29,12:56:33.179,XNYS,FILL,AGENCY
EXE-000667,ORD-000667,USDCHF,ACC-044,TRD-015,SELL,0.8153,100,2024-02-29,13:09:10.602,XXXX,FILL,AGENCY
EXE-000660,ORD-000660,MA,ACC-077,TRD-006,BUY,379.7907,500,2024-02-29,13:12:56.098,XNYS,FILL,AGENCY
EXE-000662,ORD-000662,AAPL_C150,ACC-044,TRD-024,BUY,37.1799,5,2024-02-29,13:13:20.062,XCBO,FILL,AGENCY
EXE-000658,ORD-000658,GS,ACC-034,TRD-029,BUY,387.3343,500,2024-02-29,13:58:43.502,XNYS,FILL,AGENCY
EXE-000668,ORD-000668,USDCHF,ACC-030,TRD-009,BUY,0.8141,200,2024-02-29,14:00:26.590,XXXX,FILL,AGENCY
EXE-000655,ORD-000655,NKE,ACC-100,TRD-034,SELL,101.994,300,2024-02-29,14:50:26.669,XNYS,FILL,PRINCIPAL
EXE-000661,ORD-000661,AMZN_C180,ACC-047,TRD-002,SELL,9.3539,50,2024-02-29,15:19:59.598,XCBO,FILL,AGENCY
EXE-000663,ORD-000663,AAPL_P140,ACC-002,TRD-015,BUY,4.4964,5,2024-02-29,15:23:42.866,XCBO,FILL,AGENCY
