order_id,product_id,account_id,trader_id,side,order_type,limit_price,quantity,filled_quantity,order_date,order_time,status,time_in_force,execution_id,venue_mic
ORD-000006,EURUSD,ACC-002,TRD-012,BUY,MARKET,,300,300,2024-01-02,09:49:11.646,FILLED,DAY,EXE-000006,XXXX
ORD-000007,TSLA_P200,ACC-004,TRD-010,SELL,MARKET,,10,10,2024-01-02,10:01:44.016,FILLED,DAY,EXE-000007,XCBO
ORD-000003,META,ACC-006,TRD-023,BUY,MARKET,,100,100,2024-01-02,11:39:26.739,FILLED,DAY,EXE-000003,XNAS
ORD-000002,WHEAT,ACC-067,TRD-041,BUY,MARKET,,100,100,2024-01-02,12:02:10.294,FILLED,DAY,EXE-000002,XXXX
ORD-000008,AAPL_P140,ACC-047,TRD-009,BUY,MARKET,,10,10,2024-01-02,12:15:57.184,FILLED,DAY,EXE-000008,XCBO
ORD-000005,GOLD,ACC-023,TRD-031,BUY,MARKET,,200,200,2024-01-02,12:35:01.632,FILLED,DAY,EXE-000005,XXXX
ORD-000009,TSLA_P200,ACC-005,TRD-017,SELL,MARKET,,5,5,2024-01-02,12:38:51.674,FILLED,DAY,EXE-000009,XCBO
ORD-000001,GS,ACC-075,TRD-021,SELL,MARKET,,200,200,2024-01-02,13:45:23.370,FILLED,DAY,EXE-000001,XNYS
ORD-000010,ES_FUT,ACC-023,TRD-012,BUY,MARKET,,2,2,2024-01-02,15:20:50.744,FILLED,DAY,EXE-000010,XCME
ORD-000004,UNH,ACC-026,TRD-004,BUY,MARKET,,100,100,2024-01-02,15:28:16.120,FILLED,DAY,EXE-000004,XNYS
ORD-000011,NAT_GAS,ACC-036,TRD-008,BUY,MARKET,,50,50,2024-01-03,09:26:47.198,FILLED,DAY,EXE-000011,XXXX
ORD-000014,AMZN,ACC-004,TRD-041,BUY,MARKET,,50,50,2024-01-03,09:42:48.348,FILLED,DAY,EXE-000014,XNAS
ORD-000015,COPPER,ACC-004,TRD-038,BUY,MARKET,,500,500,2024-01-03,10:27:26.770,FILLED,DAY,EXE-000015,XXXX
ORD-000018,TSLA_P200,ACC-025,TRD-011,BUY,MARKET,,50,50,2024-01-03,10:33:15.373,FILLED,DAY,EXE-000018,XCBO
ORD-000017,NAT_GAS,ACC-070,TRD-047,SELL,MARKET,,100,100,2024-01-03,12:30:57.814,FILLED,DAY,EXE-000017,XXXX
ORD-000016,MA,ACC-054,TRD-036,BUY,MARKET,,100,100,2024-01-03,13:22:00.206,FILLED,DAY,EXE-000016,XNYS
ORD-000013,CORN,ACC-087,TRD-028,BUY,MARKET,,50,50,2024-01-03,14:10:31.997,FILLED,DAY,EXE-000013,XXXX
ORD-000012,COPPER,ACC-013,TRD-050,SELL,MARKET,,50,50,2024-01-03,14:49:52.284,FILLED,DAY,EXE-000012,XXXX
ORD-000019,ES_FUT,ACC-025,TRD-014,SELL,MARKET,,1,1,2024-01-03,15:41:52.265,FILLED,DAY,EXE-000019,XCME
ORD-000031,AAPL_P140,ACC-038,TRD-021,SELL,MARKET,,5,5,2024-01-04,09:04:26.568,FILLED,DAY,EXE-000031,XCBO
ORD-000030,AAPL_C150,ACC-043,TRD-009,BUY,MARKET,,10,10,2024-01-04,09:21:22.047,FILLED,DAY,EXE-000030,XCBO
ORD-000024,USDCAD,ACC-078,TRD-049,SELL,MARKET,,200,200,2024-01-04,09:34:20.490,FILLED,DAY,EXE-000024,XXXX
ORD-000021,NVDA,ACC-011,TRD-050,BUY,MARKET,,200,200,2024-01-04,09:42:20.296,FILLED,DAY,EXE-000021,XNAS
ORD-000025,COP,ACC-031,TRD-033,SELL,MARKET,,100,100,2024-01-04,11:03:10.781,FILLED,DAY,EXE-000025,XNYS
ORD-000028,NVDA,ACC-035,TRD-007,BUY,MARKET,,500,500,2024-01-04,11:29:33.163,FILLED,DAY,EXE-000028,XNAS
ORD-000023,WFC,ACC-011,TRD-024,SELL,MARKET,,500,500,2024-01-04,11:54:49.970,FILLED,DAY,EXE-000023,XNYS
ORD-000022,AMZN,ACC-086,TRD-039,SELL,MARKET,,200,200,2024-01-04,12:02:24.753,FILLED,DAY,EXE-000022,XNAS
ORD-000029,NVDA_C500,ACC-018,TRD-024,BUY,MARKET,,50,50,2024-01-04,12:20:44.240,FILLED,DAY,EXE-000029,XCBO
ORD-000020,NVDA,ACC-066,TRD-035,BUY,MARKET,,100,100,2024-01-04,14:44:06.034,FILLED,DAY,EXE-000020,XNAS
ORD-000032,ZB_FUT,ACC-030,TRD-015,SELL,MARKET,,10,10,2024-01-04,14:55:16.582,FILLED,DAY,EXE-000032,XCME
ORD-000027,UNH,ACC-066,TRD-005,BUY,MARKET,,300,300,2024-01-04,14:59:12.089,FILLED,DAY,EXE-000027,XNYS
ORD-000026,SILVER,ACC-036,TRD-049,SELL,MARKET,,500,500,2024-01-04,15:05:32.349,FILLED,DAY,EXE-000026,XXXX
ORD-000039,USDCAD,ACC-052,TRD-022,SELL,MARKET,,200,200,2024-01-05,10:04:44.641,FILLED,DAY,EXE-000039,XXXX
ORD-000034,GOOGL,ACC-017,TRD-044,BUY,MARKET,,300,300,2024-01-05,11:53:23.989,FILLED,DAY,EXE-000034,XNAS
ORD-000038,EURUSD,ACC-093,TRD-002,BUY,MARKET,,300,300,2024-01-05,13:16:56.839,FILLED,DAY,EXE-000038,XXXX
ORD-000037,USDCAD,ACC-009,TRD-046,SELL,MARKET,,50,50,2024-01-05,14:11:05.364,FILLED,DAY,EXE-000037,XXXX
ORD-000033,MS,ACC-006,TRD-029,BUY,MARKET,,500,500,2024-01-05,14:23:25.130,FILLED,DAY,EXE-000033,XNYS
ORD-000036,CRUDE_OIL,ACC-097,TRD-020,SELL,MARKET,,500,500,2024-01-05,14:56:42.043,FILLED,DAY,EXE-000036,XXXX
ORD-000040,AMZN_C180,ACC-021,TRD-006,BUY,MARKET,,5,5,2024-01-05,15:00:59.802,FILLED,DAY,EXE-000040,XCBO
ORD-000035,NVDA,ACC-025,TRD-041,BUY,MARKET,,300,300,2024-01-05,15:37:17.680,FILLED,DAY,EXE-000035,XNAS
ORD-000051,AAPL_P140,ACC-004,TRD-016,BUY,MARKET,,10,10,2024-01-08,09:08:47.806,FILLED,DAY,EXE-000051,XCBO
ORD-000046,EURUSD,ACC-032,TRD-011,BUY,MARKET,,500,500,2024-01-08,09:54:03.537,FILLED,DAY,EXE-000046,XXXX
ORD-000049,XOM,ACC-065,TRD-019,SELL,MARKET,,200,200,2024-01-08,10:28:50.486,FILLED,DAY,EXE-000049,XNYS
ORD-000043,MRK,ACC-040,TRD-029,SELL,MARKET,,150,150,2024-01-08,12:46:08.680,FILLED,DAY,EXE-000043,XNYS
ORD-000052,ZB_FUT,ACC-028,TRD-013,SELL,MARKET,,5,5,2024-01-08,12:57:56.620,FILLED,DAY,EXE-000052,XCME
ORD-000045,WHEAT,ACC-092,TRD-014,SELL,MARKET,,300,300,2024-01-08,13:07:35.502,FILLED,DAY,EXE-000045,XXXX
ORD-000042,MA,ACC-062,TRD-005,BUY,MARKET,,50,50,2024-01-08,14:08:47.982,FILLED,DAY,EXE-000042,XNYS
ORD-000041,GBPUSD,ACC-014,TRD-013,SELL,MARKET,,500,500,2024-01-08,14:41:18.230,FILLED,DAY,EXE-000041,XXXX
ORD-000050,TSLA,ACC-033,TRD-050,BUY,MARKET,,200,200,2024-01-08,14:54:54.875,FILLED,DAY,EXE-000050,XNAS
ORD-000044,WHEAT,ACC-007,TRD-011,BUY,MARKET,,300,300,2024-01-08,15:06:41.221,FILLED,DAY,EXE-000044,XXXX
ORD-000048,GBPUSD,ACC-073,TRD-044,SELL,MARKET,,200,200,2024-01-08,15:08:42.083,FILLED,DAY,EXE-000048,XXXX
ORD-000047,TSLA,ACC-094,TRD-018,SELL,MARKET,,300,300,2024-01-08,15:13:56.022,FILLED,DAY,EXE-000047,XNAS
ORD-000058,WFC,ACC-002,TRD-008,BUY,MARKET,,100,100,2024-01-09,10:42:34.476,FILLED,DAY,EXE-000058,XNYS
ORD-000060,GOLD,ACC-071,TRD-044,BUY,MARKET,,200,200,2024-01-09,10:49:11.031,FILLED,DAY,EXE-000060,XXXX
ORD-000055,AAPL,ACC-003,TRD-039,BUY,MARKET,,50,50,2024-01-09,11:31:19.296,FILLED,DAY,EXE-000055,XNYS
ORD-000061,TSLA_C250,ACC-014,TRD-011,BUY,MARKET,,50,50,2024-01-09,11:48:42.930,FILLED,DAY,EXE-000061,XCBO
ORD-000059,JPM,ACC-096,TRD-050,BUY,MARKET,,150,150,2024-01-09,13:33:41.783,FILLED,DAY,EXE-000059,XNYS
ORD-000054,AMZN,ACC-041,TRD-015,BUY,MARKET,,100,100,2024-01-09,14:00:13.225,FILLED,DAY,EXE-000054,XNAS
ORD-000057,JPM,ACC-066,TRD-020,SELL,MARKET,,500,500,2024-01-09,14:11:37.516,FILLED,DAY,EXE-000057,XNYS
ORD-000062,NQ_FUT,ACC-023,TRD-008,SELL,MARKET,,5,5,2024-01-09,14:48:26.042,FILLED,DAY,EXE-000062,XCME
ORD-000053,EURUSD,ACC-015,TRD-017,BUY,MARKET,,200,200,2024-01-09,15:26:41.748,FILLED,DAY,EXE-000053,XXXX
ORD-000056,MRK,ACC-095,TRD-017,BUY,MARKET,,50,50,2024-01-09,15:41:53.795,FILLED,DAY,EXE-000056,XNYS
ORD-000068,USDCAD,ACC-011,TRD-015,SELL,MARKET,,300,300,2024-01-10,09:21:42.795,FILLED,DAY,EXE-000068,XXXX
ORD-000505,JPM,ACC-131,TRD-033,BUY,LIMIT,174.5,500,0,2024-01-10,09:30:05.704,CANCELLED,IOC,,XNYS
ORD-000509,JPM,ACC-131,TRD-033,BUY,LIMIT,174.8,200,200,2024-01-10,09:30:08.318,FILLED,DAY,EXE-000505,XNYS
ORD-000506,JPM,ACC-131,TRD-033,BUY,LIMIT,174.55,450,0,2024-01-10,09:30:12.904,CANCELLED,IOC,,XNYS
ORD-000507,JPM,ACC-131,TRD-033,BUY,LIMIT,174.6,480,0,2024-01-10,09:30:18.587,CANCELLED,IOC,,XNYS
ORD-000508,JPM,ACC-131,TRD-033,BUY,LIMIT,174.65,520,0,2024-01-10,09:30:25.763,CANCELLED,IOC,,XNYS
ORD-000510,JPM,ACC-131,TRD-033,SELL,MARKET,,800,800,2024-01-10,09:31:00.459,FILLED,DAY,EXE-000506,XNYS
ORD-000065,NVDA,ACC-087,TRD-042,SELL,MARKET,,500,500,2024-01-10,09:40:58.013,FILLED,DAY,EXE-000065,XNAS
ORD-000067,META,ACC-076,TRD-014,SELL,MARKET,,300,300,2024-01-10,10:33:47.756,FILLED,DAY,EXE-000067,XNAS
ORD-000069,SOYBEANS,ACC-028,TRD-042,SELL,MARKET,,100,100,2024-01-10,11:39:16.960,FILLED,DAY,EXE-000069,XXXX
ORD-000072,TSLA_P200,ACC-001,TRD-005,BUY,MARKET,,20,20,2024-01-10,11:41:33.254,FILLED,DAY,EXE-000072,XCBO
ORD-000073,AAPL_C150,ACC-008,TRD-022,BUY,MARKET,,50,50,2024-01-10,11:51:48.447,FILLED,DAY,EXE-000073,XCBO
ORD-000070,USDJPY,ACC-040,TRD-021,SELL,MARKET,,500,500,2024-01-10,12:46:10.911,FILLED,DAY,EXE-000070,XXXX
ORD-000064,CRUDE_OIL,ACC-036,TRD-006,SELL,MARKET,,100,100,2024-01-10,13:36:14.828,FILLED,DAY,EXE-000064,XXXX
ORD-000074,AAPL_P140,ACC-008,TRD-006,BUY,MARKET,,10,10,2024-01-10,14:53:14.915,FILLED,DAY,EXE-000074,XCBO
ORD-000071,JPM,ACC-097,TRD-041,BUY,MARKET,,300,300,2024-01-10,14:53:30.768,FILLED,DAY,EXE-000071,XNYS
ORD-000063,CVX,ACC-010,TRD-027,BUY,MARKET,,100,100,2024-01-10,15:18:26.576,FILLED,DAY,EXE-000063,XNYS
ORD-000066,CORN,ACC-043,TRD-027,BUY,MARKET,,300,300,2024-01-10,15:34:01.679,FILLED,DAY,EXE-000066,XXXX
ORD-000076,JPM,ACC-018,TRD-041,SELL,MARKET,,300,300,2024-01-11,09:37:11.648,FILLED,DAY,EXE-000076,XNYS
ORD-000082,AAPL_P140,ACC-019,TRD-008,SELL,MARKET,,5,5,2024-01-11,09:52:02.250,FILLED,DAY,EXE-000082,XCBO
ORD-000075,AAPL,ACC-091,TRD-040,BUY,MARKET,,300,300,2024-01-11,10:37:20.990,FILLED,DAY,EXE-000075,XNYS
ORD-000081,AAPL_P140,ACC-002,TRD-008,SELL,MARKET,,20,20,2024-01-11,11:23:47.024,FILLED,DAY,EXE-000081,XCBO
ORD-000080,NVDA,ACC-097,TRD-033,SELL,MARKET,,100,100,2024-01-11,11:42:56.026,FILLED,DAY,EXE-000080,XNAS
ORD-000077,META,ACC-067,TRD-039,BUY,MARKET,,50,50,2024-01-11,13:04:15.790,FILLED,DAY,EXE-000077,XNAS
ORD-000079,XOM,ACC-060,TRD-045,BUY,MARKET,,200,200,2024-01-11,14:00:00.244,FILLED,DAY,EXE-000079,XNYS
ORD-000078,BAC,ACC-048,TRD-013,BUY,MARKET,,100,100,2024-01-11,15:37:46.050,FILLED,DAY,EXE-000078,XNYS
ORD-000083,CL_FUT,ACC-002,TRD-009,SELL,MARKET,,1,1,2024-01-11,15:49:55.049,FILLED,DAY,EXE-000083,XCME
ORD-000088,PFE,ACC-039,TRD-007,SELL,MARKET,,300,300,2024-01-12,09:39:55.143,FILLED,DAY,EXE-000088,XNYS
ORD-000087,CORN,ACC-087,TRD-041,BUY,MARKET,,300,300,2024-01-12,09:42:45.900,FILLED,DAY,EXE-000087,XXXX
ORD-000093,AAPL_P140,ACC-008,TRD-016,SELL,MARKET,,5,5,2024-01-12,10:46:59.379,FILLED,DAY,EXE-000093,XCBO
ORD-000084,MA,ACC-016,TRD-009,SELL,MARKET,,200,200,2024-01-12,11:38:30.568,FILLED,DAY,EXE-000084,XNYS
ORD-000092,TSLA_P200,ACC-038,TRD-006,SELL,MARKET,,50,50,2024-01-12,12:37:12.263,FILLED,DAY,EXE-000092,XCBO
ORD-000090,GOLD,ACC-014,TRD-005,BUY,MARKET,,300,300,2024-01-12,13:22:04.915,FILLED,DAY,EXE-000090,XXXX
ORD-000094,AMZN_C180,ACC-010,TRD-014,BUY,MARKET,,20,20,2024-01-12,13:27:38.390,FILLED,DAY,EXE-000094,XCBO
ORD-000086,GS,ACC-047,TRD-050,SELL,MARKET,,100,100,2024-01-12,13:51:28.855,FILLED,DAY,EXE-000086,XNYS
ORD-000089,CORN,ACC-011,TRD-012,SELL,MARKET,,200,200,2024-01-12,14:07:24.646,FILLED,DAY,EXE-000089,XXXX
ORD-000085,CVX,ACC-039,TRD-044,BUY,MARKET,,200,200,2024-01-12,15:07:02.594,FILLED,DAY,EXE-000085,XNYS
ORD-000091,WHEAT,ACC-023,TRD-050,BUY,MARKET,,150,150,2024-01-12,15:15:37.807,FILLED,DAY,EXE-000091,XXXX
ORD-000095,NQ_FUT,ACC-022,TRD-006,SELL,MARKET,,5,5,2024-01-12,15:46:26.146,FILLED,DAY,EXE-000095,XCME
ORD-000453,AAPL,ACC-101,TRD-026,BUY,LIMIT,185.0,500,500,2024-01-15,09:35:12.147,FILLED,DAY,EXE-000453,XNYS
ORD-000101,SILVER,ACC-082,TRD-044,SELL,MARKET,,50,50,2024-01-15,09:49:43.010,FILLED,DAY,EXE-000101,XXXX
ORD-000454,AAPL,ACC-101,TRD-026,BUY,LIMIT,185.05,300,300,2024-01-15,10:15:44.161,FILLED,DAY,EXE-000454,XNYS
ORD-000100,NAT_GAS,ACC-016,TRD-025,BUY,MARKET,,300,300,2024-01-15,10:28:02.510,FILLED,DAY,EXE-000100,XXXX
ORD-000098,CVX,ACC-005,TRD-038,BUY,MARKET,,500,500,2024-01-15,11:09:50.249,FILLED,DAY,EXE-000098,XNYS
ORD-000455,AAPL,ACC-101,TRD-026,SELL,LIMIT,185.02,480,480,2024-01-15,11:30:22.262,FILLED,DAY,EXE-000455,XNYS
ORD-000096,WFC,ACC-087,TRD-048,BUY,MARKET,,100,100,2024-01-15,11:58:49.100,FILLED,DAY,EXE-000096,XNYS
ORD-000102,COPPER,ACC-060,TRD-011,BUY,MARKET,,100,100,2024-01-15,13:36:37.731,FILLED,DAY,EXE-000102,XXXX
ORD-000097,CORN,ACC-057,TRD-022,BUY,MARKET,,100,100,2024-01-15,13:50:52.969,FILLED,DAY,EXE-000097,XXXX
ORD-000103,TSLA_P200,ACC-013,TRD-024,SELL,MARKET,,10,10,2024-01-15,13:55:11.805,FILLED,DAY,EXE-000103,XCBO
ORD-000456,AAPL,ACC-101,TRD-026,SELL,LIMIT,184.98,310,310,2024-01-15,14:00:55.816,FILLED,DAY,EXE-000456,XNYS
ORD-000099,COST,ACC-004,TRD-014,BUY,MARKET,,150,150,2024-01-15,15:26:17.091,FILLED,DAY,EXE-000099,XNAS
ORD-000104,NQ_FUT,ACC-021,TRD-006,BUY,MARKET,,10,10,2024-01-15,15:32:43.218,FILLED,DAY,EXE-000104,XCME
ORD-000107,USDCAD,ACC-094,TRD-020,SELL,MARKET,,300,300,2024-01-16,09:39:50.623,FILLED,DAY,EXE-000107,XXXX
ORD-000111,COST,ACC-084,TRD-030,SELL,MARKET,,50,50,2024-01-16,09:43:04.431,FILLED,DAY,EXE-000111,XNAS
ORD-000108,USDCAD,ACC-039,TRD-006,SELL,MARKET,,300,300,2024-01-16,10:28:14.024,FILLED,DAY,EXE-000108,XXXX
ORD-000106,WHEAT,ACC-077,TRD-047,BUY,MARKET,,200,200,2024-01-16,11:04:47.714,FILLED,DAY,EXE-000106,XXXX
ORD-000109,HD,ACC-045,TRD-038,BUY,MARKET,,300,300,2024-01-16,11:08:58.944,FILLED,DAY,EXE-000109,XNYS
ORD-000114,GC_FUT,ACC-025,TRD-012,SELL,MARKET,,10,10,2024-01-16,11:34:22.389,FILLED,DAY,EXE-000114,XCME
ORD-000105,TSLA,ACC-057,TRD-045,SELL,MARKET,,50,50,2024-01-16,12:04:51.881,FILLED,DAY,EXE-000105,XNAS
ORD-000113,NVDA_C500,ACC-007,TRD-025,BUY,MARKET,,50,50,2024-01-16,13:17:50.051,FILLED,DAY,EXE-000113,XCBO
ORD-000110,GBPUSD,ACC-008,TRD-041,BUY,MARKET,,50,50,2024-01-16,14:11:37.600,FILLED,DAY,EXE-000110,XXXX
ORD-000112,NVDA_C500,ACC-002,TRD-015,BUY,MARKET,,50,50,2024-01-16,14:48:09.229,FILLED,DAY,EXE-000112,XCBO
ORD-000117,BAC,ACC-099,TRD-005,BUY,MARKET,,100,100,2024-01-17,09:31:53.517,FILLED,DAY,EXE-000117,XNYS
ORD-000121,TSLA_C250,ACC-004,TRD-013,SELL,MARKET,,10,10,2024-01-17,10:43:31.620,FILLED,DAY,EXE-000121,XCBO
ORD-000118,HD,ACC-076,TRD-046,BUY,MARKET,,50,50,2024-01-17,10:54:25.679,FILLED,DAY,EXE-000118,XNYS
ORD-000115,MRK,ACC-050,TRD-025,BUY,MARKET,,300,300,2024-01-17,12:12:18.928,FILLED,DAY,EXE-000115,XNYS
ORD-000122,TSLA_P200,ACC-007,TRD-023,BUY,MARKET,,10,10,2024-01-17,12:47:05.709,FILLED,DAY,EXE-000122,XCBO
ORD-000119,AAPL,ACC-019,TRD-021,BUY,MARKET,,150,150,2024-01-17,13:18:01.358,FILLED,DAY,EXE-000119,XNYS
ORD-000120,CORN,ACC-097,TRD-038,BUY,MARKET,,50,50,2024-01-17,13:48:09.760,FILLED,DAY,EXE-000120,XXXX
ORD-000116,COP,ACC-070,TRD-030,SELL,MARKET,,50,50,2024-01-17,13:58:43.535,FILLED,DAY,EXE-000116,XNYS
ORD-000469,GOOGL,ACC-111,TRD-028,BUY,MARKET,,80,80,2024-01-18,09:09:21.989,FILLED,DAY,EXE-000469,XNAS
ORD-000125,WHEAT,ACC-040,TRD-039,SELL,MARKET,,500,500,2024-01-18,09:27:32.749,FILLED,DAY,EXE-000125,XXXX
ORD-000471,GOOGL,ACC-111,TRD-028,BUY,MARKET,,85,85,2024-01-18,10:27:24.345,FILLED,DAY,EXE-000471,XNAS
ORD-000470,GOOGL,ACC-111,TRD-028,BUY,MARKET,,75,75,2024-01-18,10:48:09.651,FILLED,DAY,EXE-000470,XNAS
ORD-000135,AMZN_C180,ACC-031,TRD-002,BUY,MARKET,,5,5,2024-01-18,10:58:51.366,FILLED,DAY,EXE-000135,XCBO
ORD-000472,GOOGL,ACC-111,TRD-028,BUY,MARKET,,70,70,2024-01-18,11:06:24.826,FILLED,DAY,EXE-000472,XNAS
ORD-000136,NQ_FUT,ACC-005,TRD-002,BUY,MARKET,,10,10,2024-01-18,11:07:22.044,FILLED,DAY,EXE-000136,XCME
ORD-000134,NVDA_C500,ACC-022,TRD-008,BUY,MARKET,,10,10,2024-01-18,11:44:26.812,FILLED,DAY,EXE-000134,XCBO
ORD-000131,WFC,ACC-039,TRD-028,SELL,MARKET,,300,300,2024-01-18,11:45:20.012,FILLED,DAY,EXE-000131,XNYS
ORD-000128,NKE,ACC-082,TRD-015,BUY,MARKET,,150,150,2024-01-18,12:02:14.809,FILLED,DAY,EXE-000128,XNYS
ORD-000129,JPM,ACC-092,TRD-037,SELL,MARKET,,50,50,2024-01-18,12:19:46.738,FILLED,DAY,EXE-000129,XNYS
ORD-000474,GOOGL,ACC-111,TRD-028,BUY,MARKET,,65,65,2024-01-18,12:24:19.032,FILLED,DAY,EXE-000474,XNAS
ORD-000133,AMZN_C180,ACC-035,TRD-003,BUY,MARKET,,20,20,2024-01-18,12:40:18.830,FILLED,DAY,EXE-000133,XCBO
ORD-000473,GOOGL,ACC-111,TRD-028,BUY,MARKET,,90,90,2024-01-18,12:45:10.540,FILLED,DAY,EXE-000473,XNAS
ORD-000475,GOOGL,ACC-111,TRD-028,BUY,MARKET,,80,80,2024-01-18,13:03:33.569,FILLED,DAY,EXE-000475,XNAS
ORD-000126,AMZN,ACC-039,TRD-002,SELL,MARKET,,500,500,2024-01-18,13:10:45.163,FILLED,DAY,EXE-000126,XNAS
ORD-000124,GBPUSD,ACC-068,TRD-028,SELL,MARKET,,300,300,2024-01-18,13:46:38.026,FILLED,DAY,EXE-000124,XXXX
ORD-000130,CVX,ACC-034,TRD-013,BUY,MARKET,,150,150,2024-01-18,13:52:49.305,FILLED,DAY,EXE-000130,XNYS
ORD-000132,CVX,ACC-031,TRD-032,BUY,MARKET,,50,50,2024-01-18,14:08:20.406,FILLED,DAY,EXE-000132,XNYS
ORD-000477,GOOGL,ACC-111,TRD-028,SELL,MARKET,,30,30,2024-01-18,14:21:42.290,FILLED,DAY,EXE-000477,XNAS
ORD-000476,GOOGL,ACC-111,TRD-028,BUY,MARKET,,55,55,2024-01-18,14:42:29.438,FILLED,DAY,EXE-000476,XNAS
ORD-000123,JNJ,ACC-021,TRD-037,SELL,MARKET,,50,50,2024-01-18,14:49:51.758,FILLED,DAY,EXE-000123,XNYS
ORD-000127,GOLD,ACC-058,TRD-011,SELL,MARKET,,100,100,2024-01-18,15:56:49.292,FILLED,DAY,EXE-000127,XXXX
ORD-000148,AMZN_C180,ACC-043,TRD-011,BUY,MARKET,,10,10,2024-01-19,10:10:29.932,FILLED,DAY,EXE-000148,XCBO
ORD-000146,TSLA_C250,ACC-012,TRD-009,SELL,MARKET,,50,50,2024-01-19,10:46:09.086,FILLED,DAY,EXE-000146,XCBO
ORD-000143,USDCHF,ACC-076,TRD-048,SELL,MARKET,,100,100,2024-01-19,10:51:33.247,FILLED,DAY,EXE-000143,XXXX
ORD-000142,WHEAT,ACC-006,TRD-043,SELL,MARKET,,50,50,2024-01-19,10:56:12.119,FILLED,DAY,EXE-000142,XXXX
ORD-000144,GBPUSD,ACC-081,TRD-014,SELL,MARKET,,50,50,2024-01-19,11:00:31.224,FILLED,DAY,EXE-000144,XXXX
ORD-000140,MA,ACC-081,TRD-011,SELL,MARKET,,300,300,2024-01-19,12:08:32.102,FILLED,DAY,EXE-000140,XNYS
ORD-000147,TSLA_P200,ACC-002,TRD-007,BUY,MARKET,,5,5,2024-01-19,12:13:51.403,FILLED,DAY,EXE-000147,XCBO
ORD-000145,META,ACC-040,TRD-018,BUY,MARKET,,150,150,2024-01-19,12:19:25.255,FILLED,DAY,EXE-000145,XNAS
ORD-000141,JNJ,ACC-056,TRD-009,BUY,MARKET,,200,200,2024-01-19,12:36:10.457,FILLED,DAY,EXE-000141,XNYS
ORD-000137,HD,ACC-053,TRD-032,SELL,MARKET,,200,200,2024-01-19,12:36:49.974,FILLED,DAY,EXE-000137,XNYS
ORD-000149,ZB_FUT,ACC-016,TRD-011,SELL,MARKET,,5,5,2024-01-19,13:11:48.093,FILLED,DAY,EXE-000149,XCME
ORD-000138,META,ACC-089,TRD-012,BUY,MARKET,,150,150,2024-01-19,13:13:18.164,FILLED,DAY,EXE-000138,XNAS
ORD-000139,GS,ACC-074,TRD-033,BUY,MARKET,,500,500,2024-01-19,13:26:06.607,FILLED,DAY,EXE-000139,XNYS
ORD-000152,BAC,ACC-020,TRD-028,BUY,MARKET,,500,500,2024-01-22,09:01:48.078,FILLED,DAY,EXE-000152,XNYS
ORD-000161,AAPL_P140,ACC-016,TRD-002,SELL,MARKET,,20,20,2024-01-22,09:01:56.573,FILLED,DAY,EXE-000161,XCBO
ORD-000150,NAT_GAS,ACC-006,TRD-045,SELL,MARKET,,500,500,2024-01-22,09:17:54.249,FILLED,DAY,EXE-000150,XXXX
ORD-000157,CRUDE_OIL,ACC-024,TRD-035,BUY,MARKET,,300,300,2024-01-22,09:24:11.097,FILLED,DAY,EXE-000157,XXXX
ORD-000494,AMZN,ACC-121,TRD-031,BUY,LIMIT,174.3637,201,201,2024-01-22,09:33:18.285,FILLED,GTC,EXE-000494,XNAS
ORD-000457,MSFT,ACC-102,TRD-026,BUY,LIMIT,380.5,200,200,2024-01-22,09:45:33.091,FILLED,DAY,EXE-000457,XNAS
ORD-000158,USDCAD,ACC-031,TRD-047,BUY,MARKET,,200,200,2024-01-22,09:52:15.293,FILLED,DAY,EXE-000158,XXXX
ORD-000151,GOLD,ACC-032,TRD-047,SELL,MARKET,,50,50,2024-01-22,09:58:40.103,FILLED,DAY,EXE-000151,XXXX
ORD-000156,XOM,ACC-049,TRD-012,SELL,MARKET,,100,100,2024-01-22,10:06:27.813,FILLED,DAY,EXE-000156,XNYS
ORD-000495,AMZN,ACC-121,TRD-031,BUY,LIMIT,174.5669,233,233,2024-01-22,10:12:14.438,FILLED,GTC,EXE-000495,XNAS
ORD-000458,MSFT,ACC-102,TRD-026,BUY,LIMIT,380.6,150,150,2024-01-22,10:30:11.111,FILLED,DAY,EXE-000458,XNAS
ORD-000154,GS,ACC-071,TRD-033,BUY,MARKET,,150,150,2024-01-22,11:01:34.361,FILLED,DAY,EXE-000154,XNYS
ORD-000159,USDJPY,ACC-017,TRD-047,SELL,MARKET,,150,150,2024-01-22,11:14:27.442,FILLED,DAY,EXE-000159,XXXX
ORD-000155,EURUSD,ACC-079,TRD-006,SELL,MARKET,,500,500,2024-01-22,11:48:39.651,FILLED,DAY,EXE-000155,XXXX
ORD-000496,AMZN,ACC-121,TRD-031,BUY,LIMIT,174.4393,166,166,2024-01-22,11:58:46.036,FILLED,GTC,EXE-000496,XNAS
ORD-000160,AAPL_P140,ACC-048,TRD-002,SELL,MARKET,,10,10,2024-01-22,12:56:33.018,FILLED,DAY,EXE-000160,XCBO
ORD-000459,MSFT,ACC-102,TRD-026,SELL,LIMIT,380.45,190,190,2024-01-22,13:15:08.980,FILLED,DAY,EXE-000459,XNAS
ORD-000153,SOYBEANS,ACC-100,TRD-047,BUY,MARKET,,500,500,2024-01-22,13:56:33.043,FILLED,DAY,EXE-000153,XXXX
ORD-000162,NQ_FUT,ACC-007,TRD-015,SELL,MARKET,,1,1,2024-01-22,14:04:16.993,FILLED,DAY,EXE-000162,XCME
ORD-000460,MSFT,ACC-102,TRD-026,SELL,LIMIT,380.55,155,155,2024-01-22,15:00:42.573,FILLED,DAY,EXE-000460,XNAS
ORD-000166,USDCAD,ACC-092,TRD-007,SELL,MARKET,,50,50,2024-01-23,09:48:53.046,FILLED,DAY,EXE-000166,XXXX
ORD-000173,GC_FUT,ACC-026,TRD-001,BUY,MARKET,,5,5,2024-01-23,09:58:10.199,FILLED,DAY,EXE-000173,XCME
ORD-000172,TSLA_P200,ACC-034,TRD-003,BUY,MARKET,,50,50,2024-01-23,10:51:22.422,FILLED,DAY,EXE-000172,XCBO
ORD-000170,TSLA_P200,ACC-044,TRD-020,SELL,MARKET,,50,50,2024-01-23,12:00:59.274,FILLED,DAY,EXE-000170,XCBO
ORD-000169,NKE,ACC-018,TRD-032,SELL,MARKET,,50,50,2024-01-23,12:05:42.206,FILLED,DAY,EXE-000169,XNYS
ORD-000163,META,ACC-023,TRD-045,BUY,MARKET,,300,300,2024-01-23,13:07:38.567,FILLED,DAY,EXE-000163,XNAS
ORD-000164,BAC,ACC-100,TRD-026,SELL,MARKET,,150,150,2024-01-23,13:09:27.153,FILLED,DAY,EXE-000164,XNYS
ORD-000165,CVX,ACC-036,TRD-043,SELL,MARKET,,500,500,2024-01-23,13:45:45.449,FILLED,DAY,EXE-000165,XNYS
ORD-000168,TSLA,ACC-043,TRD-012,SELL,MARKET,,100,100,2024-01-23,14:34:15.868,FILLED,DAY,EXE-000168,XNAS
ORD-000167,JPM,ACC-067,TRD-001,BUY,MARKET,,200,200,2024-01-23,14:46:47.152,FILLED,DAY,EXE-000167,XNYS
ORD-000171,AAPL_C150,ACC-012,TRD-011,SELL,MARKET,,20,20,2024-01-23,15:51:32.785,FILLED,DAY,EXE-000171,XCBO
ORD-000185,TSLA_C250,ACC-040,TRD-018,SELL,MARKET,,10,10,2024-01-24,09:39:10.238,FILLED,DAY,EXE-000185,XCBO
ORD-000181,CORN,ACC-021,TRD-044,BUY,MARKET,,100,100,2024-01-24,10:31:03.396,FILLED,DAY,EXE-000181,XXXX
ORD-000178,HD,ACC-028,TRD-010,SELL,MARKET,,200,200,2024-01-24,10:35:08.294,FILLED,DAY,EXE-000178,XNYS
ORD-000176,UNH,ACC-084,TRD-025,BUY,MARKET,,150,150,2024-01-24,10:40:22.899,FILLED,DAY,EXE-000176,XNYS
ORD-000179,MSFT,ACC-058,TRD-038,BUY,MARKET,,150,150,2024-01-24,10:48:54.818,FILLED,DAY,EXE-000179,XNAS
ORD-000180,SILVER,ACC-077,TRD-038,SELL,MARKET,,500,500,2024-01-24,11:02:56.368,FILLED,DAY,EXE-000180,XXXX
ORD-000177,GS,ACC-069,TRD-039,SELL,MARKET,,50,50,2024-01-24,12:16:28.747,FILLED,DAY,EXE-000177,XNYS
ORD-000175,USDJPY,ACC-045,TRD-050,BUY,MARKET,,150,150,2024-01-24,12:29:28.240,FILLED,DAY,EXE-000175,XXXX
ORD-000174,META,ACC-096,TRD-038,SELL,MARKET,,200,200,2024-01-24,14:12:41.232,FILLED,DAY,EXE-000174,XNAS
ORD-000184,AAPL_P140,ACC-049,TRD-018,BUY,MARKET,,5,5,2024-01-24,14:56:14.375,FILLED,DAY,EXE-000184,XCBO
ORD-000183,GOLD,ACC-079,TRD-036,SELL,MARKET,,100,100,2024-01-24,15:07:45.864,FILLED,DAY,EXE-000183,XXXX
ORD-000182,AUDUSD,ACC-080,TRD-008,BUY,MARKET,,300,300,2024-01-24,15:20:59.322,FILLED,DAY,EXE-000182,XXXX
ORD-000188,USDCHF,ACC-066,TRD-045,SELL,MARKET,,500,500,2024-01-25,09:23:44.780,FILLED,DAY,EXE-000188,XXXX
ORD-000196,TSLA_P200,ACC-005,TRD-015,SELL,MARKET,,20,20,2024-01-25,10:08:38.005,FILLED,DAY,EXE-000196,XCBO
ORD-000195,AAPL_C150,ACC-001,TRD-010,SELL,MARKET,,10,10,2024-01-25,11:05:38.612,FILLED,DAY,EXE-000195,XCBO
ORD-000186,XOM,ACC-050,TRD-026,SELL,MARKET,,500,500,2024-01-25,11:35:38.256,FILLED,DAY,EXE-000186,XNYS
ORD-000198,GC_FUT,ACC-026,TRD-012,SELL,MARKET,,5,5,2024-01-25,11:47:34.360,FILLED,DAY,EXE-000198,XCME
ORD-000190,TSLA,ACC-029,TRD-020,SELL,MARKET,,150,150,2024-01-25,14:22:41.233,FILLED,DAY,EXE-000190,XNAS
ORD-000197,TSLA_P200,ACC-027,TRD-011,BUY,MARKET,,20,20,2024-01-25,14:34:37.922,FILLED,DAY,EXE-000197,XCBO
ORD-000193,NKE,ACC-069,TRD-022,SELL,MARKET,,500,500,2024-01-25,15:21:25.674,FILLED,DAY,EXE-000193,XNYS
ORD-000192,GS,ACC-055,TRD-044,BUY,MARKET,,150,150,2024-01-25,15:26:10.406,FILLED,DAY,EXE-000192,XNYS
ORD-000191,UNH,ACC-090,TRD-021,SELL,MARKET,,150,150,2024-01-25,15:29:49.884,FILLED,DAY,EXE-000191,XNYS
ORD-000194,GOOGL,ACC-066,TRD-006,BUY,MARKET,,200,200,2024-01-25,15:50:35.836,FILLED,DAY,EXE-000194,XNAS
ORD-000189,CVX,ACC-015,TRD-024,SELL,MARKET,,150,150,2024-01-25,15:55:16.795,FILLED,DAY,EXE-000189,XNYS
ORD-000187,HD,ACC-032,TRD-010,SELL,MARKET,,500,500,2024-01-25,15:59:14.374,FILLED,DAY,EXE-000187,XNYS
ORD-000201,NKE,ACC-077,TRD-049,BUY,MARKET,,200,200,2024-01-26,09:22:42.233,FILLED,DAY,EXE-000201,XNYS
ORD-000206,AAPL_C150,ACC-045,TRD-012,BUY,MARKET,,20,20,2024-01-26,09:51:14.180,FILLED,DAY,EXE-000206,XCBO
ORD-000203,CRUDE_OIL,ACC-011,TRD-004,SELL,MARKET,,50,50,2024-01-26,09:51:50.908,FILLED,DAY,EXE-000203,XXXX
ORD-000200,CORN,ACC-038,TRD-042,SELL,MARKET,,300,300,2024-01-26,10:16:35.663,FILLED,DAY,EXE-000200,XXXX
ORD-000205,AAPL_P140,ACC-012,TRD-012,SELL,MARKET,,20,20,2024-01-26,10:43:13.772,FILLED,DAY,EXE-000205,XCBO
ORD-000207,ZB_FUT,ACC-016,TRD-014,BUY,MARKET,,5,5,2024-01-26,12:25:09.169,FILLED,DAY,EXE-000207,XCME
ORD-000204,CRUDE_OIL,ACC-033,TRD-033,BUY,MARKET,,200,200,2024-01-26,13:18:24.698,FILLED,DAY,EXE-000204,XXXX
ORD-000202,CVX,ACC-029,TRD-015,SELL,MARKET,,50,50,2024-01-26,14:11:35.750,FILLED,DAY,EXE-000202,XNYS
ORD-000199,EURUSD,ACC-060,TRD-043,BUY,MARKET,,200,200,2024-01-26,15:59:17.858,FILLED,DAY,EXE-000199,XXXX
ORD-000461,TSLA,ACC-103,TRD-027,BUY,LIMIT,245.0,400,400,2024-01-29,09:40:18.699,FILLED,DAY,EXE-000461,XNAS
ORD-000216,GC_FUT,ACC-014,TRD-008,BUY,MARKET,,1,1,2024-01-29,09:44:21.122,FILLED,DAY,EXE-000216,XCME
ORD-000211,CORN,ACC-050,TRD-024,BUY,MARKET,,300,300,2024-01-29,09:47:29.054,FILLED,DAY,EXE-000211,XXXX
ORD-000209,MS,ACC-043,TRD-004,SELL,MARKET,,100,100,2024-01-29,10:38:48.833,FILLED,DAY,EXE-000209,XNYS
ORD-000462,TSLA,ACC-103,TRD-027,BUY,LIMIT,245.1,200,200,2024-01-29,11:00:05.675,FILLED,DAY,EXE-000462,XNAS
ORD-000214,BAC,ACC-041,TRD-049,SELL,MARKET,,200,200,2024-01-29,11:02:26.755,FILLED,DAY,EXE-000214,XNYS
ORD-000215,NVDA_C500,ACC-027,TRD-007,SELL,MARKET,,20,20,2024-01-29,12:19:30.863,FILLED,DAY,EXE-000215,XCBO
ORD-000463,TSLA,ACC-103,TRD-027,SELL,LIMIT,245.05,380,380,2024-01-29,12:30:33.521,FILLED,DAY,EXE-000463,XNAS
ORD-000212,AUDUSD,ACC-061,TRD-023,SELL,MARKET,,50,50,2024-01-29,13:14:24.901,FILLED,DAY,EXE-000212,XXXX
ORD-000213,AAPL,ACC-024,TRD-020,BUY,MARKET,,50,50,2024-01-29,13:28:43.032,FILLED,DAY,EXE-000213,XNYS
ORD-000208,GOOGL,ACC-070,TRD-033,SELL,MARKET,,150,150,2024-01-29,13:59:50.583,FILLED,DAY,EXE-000208,XNAS
ORD-000464,TSLA,ACC-103,TRD-027,SELL,LIMIT,244.95,210,210,2024-01-29,14:45:17.701,FILLED,DAY,EXE-000464,XNAS
ORD-000210,HD,ACC-077,TRD-044,SELL,MARKET,,100,100,2024-01-29,15:23:48.464,FILLED,DAY,EXE-000210,XNYS
ORD-000222,GBPUSD,ACC-057,TRD-034,SELL,MARKET,,150,150,2024-01-30,09:04:01.896,FILLED,DAY,EXE-000222,XXXX
ORD-000226,NQ_FUT,ACC-020,TRD-009,BUY,MARKET,,1,1,2024-01-30,10:09:33.066,FILLED,DAY,EXE-000226,XCME
ORD-000511,BAC,ACC-132,TRD-033,SELL,LIMIT,34.2,3000,0,2024-01-30,10:15:02.707,CANCELLED,IOC,,XNYS
ORD-000516,BAC,ACC-132,TRD-033,SELL,LIMIT,34.05,1000,1000,2024-01-30,10:15:05.683,FILLED,DAY,EXE-000507,XNYS
ORD-000512,BAC,ACC-132,TRD-033,SELL,LIMIT,34.18,2800,0,2024-01-30,10:15:08.154,CANCELLED,IOC,,XNYS
ORD-000513,BAC,ACC-132,TRD-033,SELL,LIMIT,34.15,3200,0,2024-01-30,10:15:14.553,CANCELLED,IOC,,XNYS
ORD-000514,BAC,ACC-132,TRD-033,SELL,LIMIT,34.12,2900,0,2024-01-30,10:15:20.898,CANCELLED,IOC,,XNYS
ORD-000515,BAC,ACC-132,TRD-033,SELL,LIMIT,34.1,3100,0,2024-01-30,10:15:26.769,CANCELLED,IOC,,XNYS
ORD-000517,BAC,ACC-132,TRD-033,BUY,MARKET,,5000,5000,2024-01-30,10:16:00.391,FILLED,DAY,EXE-000508,XNYS
ORD-000221,MA,ACC-056,TRD-016,SELL,MARKET,,500,500,2024-01-30,10:52:00.704,FILLED,DAY,EXE-000221,XNYS
ORD-000219,JNJ,ACC-088,TRD-043,SELL,MARKET,,200,200,2024-01-30,11:23:34.722,FILLED,DAY,EXE-000219,XNYS
ORD-000220,META,ACC-017,TRD-033,SELL,MARKET,,500,500,2024-01-30,11:45:21.033,FILLED,DAY,EXE-000220,XNAS
ORD-000225,NVDA_C500,ACC-026,TRD-007,BUY,MARKET,,20,20,2024-01-30,13:08:47.817,FILLED,DAY,EXE-000225,XCBO
ORD-000218,EURUSD,ACC-100,TRD-030,BUY,MARKET,,100,100,2024-01-30,14:35:41.758,FILLED,DAY,EXE-000218,XXXX
ORD-000217,TSLA,ACC-086,TRD-011,SELL,MARKET,,200,200,2024-01-30,15:06:12.521,FILLED,DAY,EXE-000217,XNAS
ORD-000224,AAPL_C150,ACC-048,TRD-003,SELL,MARKET,,5,5,2024-01-30,15:14:36.195,FILLED,DAY,EXE-000224,XCBO
ORD-000223,TSLA_P200,ACC-013,TRD-022,SELL,MARKET,,20,20,2024-01-30,15:24:49.295,FILLED,DAY,EXE-000223,XCBO
ORD-000230,GOLD,ACC-047,TRD-003,SELL,MARKET,,300,300,2024-01-31,09:20:00.509,FILLED,DAY,EXE-000230,XXXX
ORD-000232,USDJPY,ACC-053,TRD-035,SELL,MARKET,,300,300,2024-01-31,10:26:15.771,FILLED,DAY,EXE-000232,XXXX
ORD-000231,CRUDE_OIL,ACC-028,TRD-008,BUY,MARKET,,100,100,2024-01-31,10:46:12.590,FILLED,DAY,EXE-000231,XXXX
ORD-000227,JPM,ACC-087,TRD-035,BUY,MARKET,,100,100,2024-01-31,10:49:10.581,FILLED,DAY,EXE-000227,XNYS
ORD-000238,NQ_FUT,ACC-015,TRD-002,BUY,MARKET,,10,10,2024-01-31,11:07:15.373,FILLED,DAY,EXE-000238,XCME
ORD-000229,COPPER,ACC-084,TRD-022,BUY,MARKET,,50,50,2024-01-31,11:45:29.740,FILLED,DAY,EXE-000229,XXXX
ORD-000236,AAPL_P140,ACC-030,TRD-009,SELL,MARKET,,10,10,2024-01-31,12:26:04.522,FILLED,DAY,EXE-000236,XCBO
ORD-000233,JPM,ACC-094,TRD-031,SELL,MARKET,,50,50,2024-01-31,13:42:32.718,FILLED,DAY,EXE-000233,XNYS
ORD-000228,XOM,ACC-085,TRD-008,SELL,MARKET,,50,50,2024-01-31,14:00:53.489,FILLED,DAY,EXE-000228,XNYS
ORD-000234,CRUDE_OIL,ACC-072,TRD-009,BUY,MARKET,,50,50,2024-01-31,14:03:58.362,FILLED,DAY,EXE-000234,XXXX
ORD-000235,GS,ACC-021,TRD-016,BUY,MARKET,,50,50,2024-01-31,14:10:40.381,FILLED,DAY,EXE-000235,XNYS
ORD-000237,TSLA_C250,ACC-047,TRD-002,SELL,MARKET,,5,5,2024-01-31,15:34:46.504,FILLED,DAY,EXE-000237,XCBO
ORD-000478,META,ACC-112,TRD-029,SELL,MARKET,,60,60,2024-02-01,09:13:31.305,FILLED,DAY,EXE-000478,XNAS
ORD-000242,MS,ACC-053,TRD-001,SELL,MARKET,,200,200,2024-02-01,09:30:08.184,FILLED,DAY,EXE-000242,XNYS
ORD-000247,AMZN_C180,ACC-013,TRD-022,BUY,MARKET,,10,10,2024-02-01,09:36:13.611,FILLED,DAY,EXE-000247,XCBO
ORD-000249,ES_FUT,ACC-011,TRD-015,SELL,MARKET,,10,10,2024-02-01,10:14:59.003,FILLED,DAY,EXE-000249,XCME
ORD-000239,USDCHF,ACC-001,TRD-002,SELL,MARKET,,100,100,2024-02-01,10:18:00.698,FILLED,DAY,EXE-000239,XXXX
ORD-000479,META,ACC-112,TRD-029,SELL,MARKET,,55,55,2024-02-01,10:56:38.302,FILLED,DAY,EXE-000479,XNAS
ORD-000481,META,ACC-112,TRD-029,SELL,MARKET,,50,50,2024-02-01,11:23:38.971,FILLED,DAY,EXE-000481,XNAS
ORD-000248,AMZN_C180,ACC-036,TRD-021,BUY,MARKET,,10,10,2024-02-01,11:30:19.117,FILLED,DAY,EXE-000248,XCBO
ORD-000240,CORN,ACC-062,TRD-007,SELL,MARKET,,100,100,2024-02-01,11:31:21.318,FILLED,DAY,EXE-000240,XXXX
ORD-000480,META,ACC-112,TRD-029,SELL,MARKET,,70,70,2024-02-01,11:40:27.351,FILLED,DAY,EXE-000480,XNAS
ORD-000482,META,ACC-112,TRD-029,SELL,MARKET,,65,65,2024-02-01,12:06:50.363,FILLED,DAY,EXE-000482,XNAS
ORD-000246,TSLA_P200,ACC-047,TRD-021,SELL,MARKET,,5,5,2024-02-01,13:10:33.711,FILLED,DAY,EXE-000246,XCBO
ORD-000483,META,ACC-112,TRD-029,SELL,MARKET,,45,45,2024-02-01,13:50:36.764,FILLED,DAY,EXE-000483,XNAS
ORD-000485,META,ACC-112,TRD-029,BUY,MARKET,,20,20,2024-02-01,14:16:03.446,FILLED,DAY,EXE-000485,XNAS
ORD-000484,META,ACC-112,TRD-029,SELL,MARKET,,55,55,2024-02-01,14:33:13.062,FILLED,DAY,EXE-000484,XNAS
ORD-000243,PFE,ACC-066,TRD-050,SELL,MARKET,,300,300,2024-02-01,14:50:21.146,FILLED,DAY,EXE-000243,XNYS
ORD-000244,GOOGL,ACC-081,TRD-044,BUY,MARKET,,500,500,2024-02-01,15:19:39.051,FILLED,DAY,EXE-000244,XNAS
ORD-000241,NAT_GAS,ACC-003,TRD-001,BUY,MARKET,,150,150,2024-02-01,15:27:56.508,FILLED,DAY,EXE-000241,XXXX
ORD-000245,GOOGL,ACC-012,TRD-047,SELL,MARKET,,50,50,2024-02-01,15:38:07.186,FILLED,DAY,EXE-000245,XNAS
ORD-000250,WFC,ACC-071,TRD-032,BUY,MARKET,,100,100,2024-02-02,09:46:02.224,FILLED,DAY,EXE-000250,XNYS
ORD-000256,AAPL_C150,ACC-013,TRD-011,SELL,MARKET,,5,5,2024-02-02,10:14:27.099,FILLED,DAY,EXE-000256,XCBO
ORD-000251,TSLA,ACC-050,TRD-013,BUY,MARKET,,300,300,2024-02-02,11:47:03.513,FILLED,DAY,EXE-000251,XNAS
ORD-000253,COPPER,ACC-044,TRD-028,BUY,MARKET,,50,50,2024-02-02,12:32:34.333,FILLED,DAY,EXE-000253,XXXX
ORD-000255,WHEAT,ACC-020,TRD-038,BUY,MARKET,,500,500,2024-02-02,13:08:27.666,FILLED,DAY,EXE-000255,XXXX
ORD-000254,NAT_GAS,ACC-054,TRD-043,BUY,MARKET,,300,300,2024-02-02,13:15:50.122,FILLED,DAY,EXE-000254,XXXX
ORD-000252,USDJPY,ACC-027,TRD-003,BUY,MARKET,,150,150,2024-02-02,14:20:35.823,FILLED,DAY,EXE-000252,XXXX
ORD-000259,HD,ACC-026,TRD-042,BUY,MARKET,,150,150,2024-02-05,09:21:31.488,FILLED,DAY,EXE-000259,XNYS
ORD-000264,PFE,ACC-062,TRD-012,BUY,MARKET,,500,500,2024-02-05,09:41:05.972,FILLED,DAY,EXE-000264,XNYS
ORD-000465,NVDA,ACC-104,TRD-027,BUY,LIMIT,620.0,100,100,2024-02-05,10:00:22.868,FILLED,DAY,EXE-000465,XNAS
ORD-000497,PFE,ACC-122,TRD-031,BUY,LIMIT,27.8238,675,675,2024-02-05,10:16:07.214,FILLED,GTC,EXE-000497,XNYS
ORD-000500,PFE,ACC-122,TRD-031,BUY,LIMIT,27.8013,663,663,2024-02-05,10:27:20.926,FILLED,GTC,EXE-000500,XNYS
ORD-000499,PFE,ACC-122,TRD-031,BUY,LIMIT,27.8263,932,932,2024-02-05,10:40:36.201,FILLED,GTC,EXE-000499,XNYS
ORD-000265,MA,ACC-047,TRD-040,BUY,MARKET,,500,500,2024-02-05,11:12:48.503,FILLED,DAY,EXE-000265,XNYS
ORD-000466,NVDA,ACC-104,TRD-027,BUY,LIMIT,620.3,80,80,2024-02-05,11:15:44.224,FILLED,DAY,EXE-000466,XNAS
ORD-000498,PFE,ACC-122,TRD-031,BUY,LIMIT,27.778,650,650,2024-02-05,12:10:21.046,FILLED,GTC,EXE-000498,XNYS
ORD-000258,MA,ACC-087,TRD-034,SELL,MARKET,,150,150,2024-02-05,12:45:45.829,FILLED,DAY,EXE-000258,XNYS
ORD-000467,NVDA,ACC-104,TRD-027,SELL,LIMIT,620.1,95,95,2024-02-05,13:00:11.145,FILLED,DAY,EXE-000467,XNAS
ORD-000268,GC_FUT,ACC-029,TRD-002,SELL,MARKET,,10,10,2024-02-05,13:07:14.778,FILLED,DAY,EXE-000268,XCME
ORD-000267,AMZN_C180,ACC-009,TRD-023,BUY,MARKET,,5,5,2024-02-05,13:24:17.591,FILLED,DAY,EXE-000267,XCBO
ORD-000257,GOOGL,ACC-027,TRD-015,BUY,MARKET,,200,200,2024-02-05,14:37:43.014,FILLED,DAY,EXE-000257,XNAS
ORD-000262,MS,ACC-026,TRD-012,BUY,MARKET,,150,150,2024-02-05,14:53:02.883,FILLED,DAY,EXE-000262,XNYS
ORD-000263,WHEAT,ACC-098,TRD-046,BUY,MARKET,,150,150,2024-02-05,15:18:32.511,FILLED,DAY,EXE-000263,XXXX
ORD-000501,PFE,ACC-122,TRD-031,BUY,LIMIT,27.7775,1080,1080,2024-02-05,15:22:46.432,FILLED,GTC,EXE-000501,XNYS
ORD-000266,AMZN_C180,ACC-007,TRD-008,BUY,MARKET,,5,5,2024-02-05,15:27:28.500,FILLED,DAY,EXE-000266,XCBO
ORD-000468,NVDA,ACC-104,TRD-027,SELL,LIMIT,619.9,82,82,2024-02-05,15:30:55.298,FILLED,DAY,EXE-000468,XNAS
ORD-000261,JPM,ACC-053,TRD-037,BUY,MARKET,,200,200,2024-02-05,15:31:44.080,FILLED,DAY,EXE-000261,XNYS
ORD-000260,HD,ACC-096,TRD-001,BUY,MARKET,,500,500,2024-02-05,15:41:44.274,FILLED,DAY,EXE-000260,XNYS
ORD-000271,USDCAD,ACC-010,TRD-041,SELL,MARKET,,200,200,2024-02-06,09:52:57.236,FILLED,DAY,EXE-000271,XXXX
ORD-000270,EURUSD,ACC-061,TRD-039,SELL,MARKET,,200,200,2024-02-06,10:12:04.399,FILLED,DAY,EXE-000270,XXXX
ORD-000278,AAPL_P140,ACC-010,TRD-024,SELL,MARKET,,10,10,2024-02-06,10:16:18.881,FILLED,DAY,EXE-000278,XCBO
ORD-000275,XOM,ACC-048,TRD-048,BUY,MARKET,,100,100,2024-02-06,11:04:24.078,FILLED,DAY,EXE-000275,XNYS
ORD-000269,AMZN,ACC-073,TRD-021,BUY,MARKET,,150,150,2024-02-06,13:11:13.005,FILLED,DAY,EXE-000269,XNAS
ORD-000279,ZB_FUT,ACC-007,TRD-008,BUY,MARKET,,5,5,2024-02-06,13:23:57.162,FILLED,DAY,EXE-000279,XCME
ORD-000272,UNH,ACC-095,TRD-037,BUY,MARKET,,100,100,2024-02-06,13:38:07.732,FILLED,DAY,EXE-000272,XNYS
ORD-000273,CRUDE_OIL,ACC-026,TRD-047,SELL,MARKET,,500,500,2024-02-06,13:45:21.191,FILLED,DAY,EXE-000273,XXXX
ORD-000276,DIS,ACC-100,TRD-025,BUY,MARKET,,100,100,2024-02-06,15:15:36.367,FILLED,DAY,EXE-000276,XNYS
ORD-000277,TSLA,ACC-062,TRD-045,SELL,MARKET,,50,50,2024-02-06,15:34:17.541,FILLED,DAY,EXE-000277,XNAS
ORD-000274,DIS,ACC-036,TRD-040,BUY,MARKET,,500,500,2024-02-06,15:46:48.376,FILLED,DAY,EXE-000274,XNYS
ORD-000290,AAPL_C150,ACC-045,TRD-001,SELL,MARKET,,20,20,2024-02-07,09:46:58.203,FILLED,DAY,EXE-000290,XCBO
ORD-000280,CORN,ACC-063,TRD-008,BUY,MARKET,,500,500,2024-02-07,10:04:14.928,FILLED,DAY,EXE-000280,XXXX
ORD-000289,AAPL_P140,ACC-012,TRD-007,SELL,MARKET,,20,20,2024-02-07,10:26:45.653,FILLED,DAY,EXE-000289,XCBO
ORD-000291,TSLA_C250,ACC-040,TRD-002,SELL,MARKET,,10,10,2024-02-07,11:21:43.082,FILLED,DAY,EXE-000291,XCBO
ORD-000288,TSLA,ACC-081,TRD-018,BUY,MARKET,,50,50,2024-02-07,11:24:29.819,FILLED,DAY,EXE-000288,XNAS
ORD-000287,AAPL,ACC-013,TRD-015,BUY,MARKET,,500,500,2024-02-07,13:17:14.108,FILLED,DAY,EXE-000287,XNYS
ORD-000284,UNH,ACC-022,TRD-023,SELL,MARKET,,50,50,2024-02-07,13:49:42.854,FILLED,DAY,EXE-000284,XNYS
ORD-000283,SOYBEANS,ACC-015,TRD-046,SELL,MARKET,,100,100,2024-02-07,13:56:34.545,FILLED,DAY,EXE-000283,XXXX
ORD-000518,GS,ACC-133,TRD-034,BUY,LIMIT,379.0,100,0,2024-02-07,14:00:03.374,CANCELLED,IOC,,XNYS
ORD-000522,GS,ACC-133,TRD-034,BUY,LIMIT,378.8,50,50,2024-02-07,14:00:06.665,FILLED,DAY,EXE-000509,XNYS
ORD-000519,GS,ACC-133,TRD-034,BUY,LIMIT,379.1,110,0,2024-02-07,14:00:09.773,CANCELLED,IOC,,XNYS
ORD-000520,GS,ACC-133,TRD-034,BUY,LIMIT,379.2,105,0,2024-02-07,14:00:15.002,CANCELLED,IOC,,XNYS
ORD-000521,GS,ACC-133,TRD-034,BUY,LIMIT,379.3,95,0,2024-02-07,14:00:21.115,CANCELLED,IOC,,XNYS
ORD-000523,GS,ACC-133,TRD-034,SELL,MARKET,,300,300,2024-02-07,14:01:00.530,FILLED,DAY,EXE-000510,XNYS
ORD-000282,DIS,ACC-012,TRD-038,BUY,MARKET,,150,150,2024-02-07,14:14:07.440,FILLED,DAY,EXE-000282,XNYS
ORD-000285,COST,ACC-020,TRD-035,SELL,MARKET,,200,200,2024-02-07,14:15:32.139,FILLED,DAY,EXE-000285,XNAS
ORD-000286,HD,ACC-026,TRD-050,BUY,MARKET,,200,200,2024-02-07,14:45:47.435,FILLED,DAY,EXE-000286,XNYS
ORD-000281,MRK,ACC-015,TRD-001,BUY,MARKET,,100,100,2024-02-07,14:47:14.788,FILLED,DAY,EXE-000281,XNYS
ORD-000292,ZB_FUT,ACC-027,TRD-001,SELL,MARKET,,5,5,2024-02-07,14:49:58.944,FILLED,DAY,EXE-000292,XCME
ORD-000294,WFC,ACC-043,TRD-013,BUY,MARKET,,500,500,2024-02-08,09:36:59.843,FILLED,DAY,EXE-000294,XNYS
ORD-000296,CVX,ACC-070,TRD-017,SELL,MARKET,,200,200,2024-02-08,09:54:13.001,FILLED,DAY,EXE-000296,XNYS
ORD-000293,JNJ,ACC-093,TRD-040,SELL,MARKET,,100,100,2024-02-08,10:06:29.969,FILLED,DAY,EXE-000293,XNYS
ORD-000295,AMZN,ACC-020,TRD-045,BUY,MARKET,,100,100,2024-02-08,10:12:54.817,FILLED,DAY,EXE-000295,XNAS
ORD-000300,AMZN_C180,ACC-035,TRD-020,SELL,MARKET,,5,5,2024-02-08,12:36:08.652,FILLED,DAY,EXE-000300,XCBO
ORD-000297,AAPL,ACC-069,TRD-025,BUY,MARKET,,150,150,2024-02-08,13:40:39.592,FILLED,DAY,EXE-000297,XNYS
ORD-000298,MS,ACC-064,TRD-040,BUY,MARKET,,500,500,2024-02-08,13:43:38.714,FILLED,DAY,EXE-000298,XNYS
ORD-000299,COPPER,ACC-014,TRD-033,SELL,MARKET,,200,200,2024-02-08,15:03:38.967,FILLED,DAY,EXE-000299,XXXX
ORD-000309,MA,ACC-026,TRD-031,SELL,MARKET,,500,500,2024-02-09,09:11:19.775,FILLED,DAY,EXE-000309,XNYS
ORD-000304,COPPER,ACC-072,TRD-017,BUY,MARKET,,50,50,2024-02-09,10:13:04.473,FILLED,DAY,EXE-000304,XXXX
ORD-000313,ZB_FUT,ACC-029,TRD-001,BUY,MARKET,,10,10,2024-02-09,10:32:42.998,FILLED,DAY,EXE-000313,XCME
ORD-000310,AAPL_P140,ACC-003,TRD-023,SELL,MARKET,,20,20,2024-02-09,11:22:39.370,FILLED,DAY,EXE-000310,XCBO
ORD-000301,COST,ACC-017,TRD-039,BUY,MARKET,,50,50,2024-02-09,11:44:24.494,FILLED,DAY,EXE-000301,XNAS
ORD-000305,NVDA,ACC-067,TRD-047,BUY,MARKET,,500,500,2024-02-09,11:47:51.962,FILLED,DAY,EXE-000305,XNAS
ORD-000312,AAPL_P140,ACC-035,TRD-021,SELL,MARKET,,10,10,2024-02-09,12:35:13.159,FILLED,DAY,EXE-000312,XCBO
ORD-000303,WHEAT,ACC-008,TRD-018,SELL,MARKET,,50,50,2024-02-09,13:28:49.407,FILLED,DAY,EXE-000303,XXXX
ORD-000308,NVDA,ACC-002,TRD-012,SELL,MARKET,,50,50,2024-02-09,14:28:49.210,FILLED,DAY,EXE-000308,XNAS
ORD-000302,HD,ACC-014,TRD-017,SELL,MARKET,,200,200,2024-02-09,14:31:34.732,FILLED,DAY,EXE-000302,XNYS
ORD-000307,CORN,ACC-010,TRD-026,BUY,MARKET,,200,200,2024-02-09,14:44:13.909,FILLED,DAY,EXE-000307,XXXX
ORD-000306,NVDA,ACC-055,TRD-017,SELL,MARKET,,150,150,2024-02-09,15:14:14.628,FILLED,DAY,EXE-000306,XNAS
ORD-000311,AAPL_C150,ACC-019,TRD-003,BUY,MARKET,,50,50,2024-02-09,15:23:17.809,FILLED,DAY,EXE-000311,XCBO
ORD-000486,NVDA,ACC-113,TRD-029,BUY,MARKET,,30,30,2024-02-12,09:13:50.907,FILLED,DAY,EXE-000486,XNAS
ORD-000319,WFC,ACC-010,TRD-019,BUY,MARKET,,200,200,2024-02-12,09:56:10.830,FILLED,DAY,EXE-000319,XNYS
ORD-000314,UNH,ACC-032,TRD-050,BUY,MARKET,,100,100,2024-02-12,10:31:36.040,FILLED,DAY,EXE-000314,XNYS
ORD-000487,NVDA,ACC-113,TRD-029,BUY,MARKET,,25,25,2024-02-12,10:56:38.536,FILLED,DAY,EXE-000487,XNAS
ORD-000489,NVDA,ACC-113,TRD-029,BUY,MARKET,,28,28,2024-02-12,11:23:52.344,FILLED,DAY,EXE-000489,XNAS
ORD-000318,MSFT,ACC-050,TRD-020,BUY,MARKET,,100,100,2024-02-12,11:36:17.501,FILLED,DAY,EXE-000318,XNAS
ORD-000488,NVDA,ACC-113,TRD-029,BUY,MARKET,,35,35,2024-02-12,11:40:53.750,FILLED,DAY,EXE-000488,XNAS
ORD-000315,PFE,ACC-090,TRD-044,BUY,MARKET,,100,100,2024-02-12,11:43:13.645,FILLED,DAY,EXE-000315,XNYS
ORD-000323,ZB_FUT,ACC-020,TRD-002,SELL,MARKET,,10,10,2024-02-12,11:54:23.355,FILLED,DAY,EXE-000323,XCME
ORD-000490,NVDA,ACC-113,TRD-029,BUY,MARKET,,32,32,2024-02-12,12:06:35.758,FILLED,DAY,EXE-000490,XNAS
ORD-000321,NVDA_C500,ACC-025,TRD-011,SELL,MARKET,,10,10,2024-02-12,12:45:48.406,FILLED,DAY,EXE-000321,XCBO
ORD-000322,TSLA_P200,ACC-008,TRD-024,SELL,MARKET,,5,5,2024-02-12,13:18:54.855,FILLED,DAY,EXE-000322,XCBO
ORD-000491,NVDA,ACC-113,TRD-029,BUY,MARKET,,20,20,2024-02-12,13:50:35.741,FILLED,DAY,EXE-000491,XNAS
ORD-000316,GOOGL,ACC-039,TRD-039,BUY,MARKET,,300,300,2024-02-12,13:52:07.295,FILLED,DAY,EXE-000316,XNAS
ORD-000493,NVDA,ACC-113,TRD-029,SELL,MARKET,,10,10,2024-02-12,14:16:51.123,FILLED,DAY,EXE-000493,XNAS
ORD-000492,NVDA,ACC-113,TRD-029,BUY,MARKET,,25,25,2024-02-12,14:33:50.448,FILLED,DAY,EXE-000492,XNAS
ORD-000317,COST,ACC-066,TRD-045,BUY,MARKET,,50,50,2024-02-12,14:42:35.395,FILLED,DAY,EXE-000317,XNAS
ORD-000320,AAPL_P140,ACC-037,TRD-022,SELL,MARKET,,50,50,2024-02-12,15:41:53.137,FILLED,DAY,EXE-000320,XCBO
ORD-000324,SILVER,ACC-067,TRD-005,SELL,MARKET,,500,500,2024-02-13,09:12:15.160,FILLED,DAY,EXE-000324,XXXX
ORD-000325,COPPER,ACC-020,TRD-040,BUY,MARKET,,500,500,2024-02-13,09:40:30.072,FILLED,DAY,EXE-000325,XXXX
ORD-000503,XOM,ACC-123,TRD-032,SELL,LIMIT,101.5572,330,330,2024-02-13,10:13:27.581,FILLED,GTC,EXE-000503,XNYS
ORD-000333,GC_FUT,ACC-027,TRD-010,BUY,MARKET,,1,1,2024-02-13,10:23:47.109,FILLED,DAY,EXE-000333,XCME
ORD-000330,TSLA_P200,ACC-015,TRD-009,BUY,MARKET,,10,10,2024-02-13,10:31:43.861,FILLED,DAY,EXE-000330,XCBO
ORD-000504,XOM,ACC-123,TRD-032,SELL,LIMIT,101.4304,376,376,2024-02-13,10:43:49.272,FILLED,GTC,EXE-000504,XNYS
ORD-000332,TSLA_P200,ACC-025,TRD-022,SELL,MARKET,,20,20,2024-02-13,11:43:47.316,FILLED,DAY,EXE-000332,XCBO
ORD-000502,XOM,ACC-123,TRD-032,SELL,LIMIT,101.5697,294,294,2024-02-13,13:31:03.705,FILLED,GTC,EXE-000502,XNYS
ORD-000326,AMZN,ACC-058,TRD-013,BUY,MARKET,,150,150,2024-02-13,14:23:19.897,FILLED,DAY,EXE-000326,XNAS
ORD-000331,AAPL_P140,ACC-009,TRD-005,BUY,MARKET,,5,5,2024-02-13,14:33:50.753,FILLED,DAY,EXE-000331,XCBO
ORD-000329,NAT_GAS,ACC-087,TRD-034,BUY,MARKET,,200,200,2024-02-13,14:43:03.753,FILLED,DAY,EXE-000329,XXXX
ORD-000328,TSLA,ACC-092,TRD-013,SELL,MARKET,,100,100,2024-02-13,15:16:22.518,FILLED,DAY,EXE-000328,XNAS
ORD-000327,NVDA,ACC-082,TRD-016,BUY,MARKET,,150,150,2024-02-13,15:27:17.171,FILLED,DAY,EXE-000327,XNAS
ORD-000336,USDJPY,ACC-037,TRD-016,SELL,MARKET,,100,100,2024-02-14,09:28:47.161,FILLED,DAY,EXE-000336,XXXX
ORD-000341,COST,ACC-007,TRD-026,SELL,MARKET,,200,200,2024-02-14,10:10:54.938,FILLED,DAY,EXE-000341,XNAS
ORD-000345,ES_FUT,ACC-022,TRD-004,SELL,MARKET,,5,5,2024-02-14,10:31:07.419,FILLED,DAY,EXE-000345,XCME
ORD-000339,BAC,ACC-058,TRD-017,SELL,MARKET,,500,500,2024-02-14,10:48:29.027,FILLED,DAY,EXE-000339,XNYS
ORD-000342,AMZN_C180,ACC-020,TRD-023,BUY,MARKET,,50,50,2024-02-14,12:28:07.270,FILLED,DAY,EXE-000342,XCBO
ORD-000337,COST,ACC-012,TRD-001,SELL,MARKET,,500,500,2024-02-14,12:34:16.366,FILLED,DAY,EXE-000337,XNAS
ORD-000338,GBPUSD,ACC-098,TRD-036,SELL,MARKET,,500,500,2024-02-14,14:00:48.305,FILLED,DAY,EXE-000338,XXXX
ORD-000343,NVDA_C500,ACC-010,TRD-002,BUY,MARKET,,50,50,2024-02-14,14:21:30.432,FILLED,DAY,EXE-000343,XCBO
ORD-000334,NKE,ACC-071,TRD-026,BUY,MARKET,,150,150,2024-02-14,14:29:16.026,FILLED,DAY,EXE-000334,XNYS
ORD-000335,USDJPY,ACC-015,TRD-027,SELL,MARKET,,200,200,2024-02-14,14:29:23.641,FILLED,DAY,EXE-000335,XXXX
ORD-000344,AAPL_P140,ACC-033,TRD-023,SELL,MARKET,,50,50,2024-02-14,14:31:28.721,FILLED,DAY,EXE-000344,XCBO
ORD-000340,SILVER,ACC-072,TRD-045,BUY,MARKET,,500,500,2024-02-14,15:02:17.798,FILLED,DAY,EXE-000340,XXXX
ORD-000354,AAPL_C150,ACC-006,TRD-009,SELL,MARKET,,5,5,2024-02-15,10:18:40.668,FILLED,DAY,EXE-000354,XCBO
ORD-000353,COP,ACC-010,TRD-032,BUY,MARKET,,150,150,2024-02-15,10:58:33.506,FILLED,DAY,EXE-000353,XNYS
ORD-000352,DIS,ACC-087,TRD-013,SELL,MARKET,,150,150,2024-02-15,11:16:12.596,FILLED,DAY,EXE-000352,XNYS
ORD-000348,DIS,ACC-066,TRD-015,BUY,MARKET,,150,150,2024-02-15,13:10:31.386,FILLED,DAY,EXE-000348,XNYS
ORD-000350,AAPL,ACC-019,TRD-012,SELL,MARKET,,200,200,2024-02-15,13:44:56.710,FILLED,DAY,EXE-000350,XNYS
ORD-000349,COPPER,ACC-099,TRD-008,BUY,MARKET,,300,300,2024-02-15,13:50:48.134,FILLED,DAY,EXE-000349,XXXX
ORD-000346,USDCAD,ACC-010,TRD-040,BUY,MARKET,,300,300,2024-02-15,14:52:50.715,FILLED,DAY,EXE-000346,XXXX
ORD-000347,XOM,ACC-038,TRD-013,BUY,MARKET,,150,150,2024-02-15,14:53:56.625,FILLED,DAY,EXE-000347,XNYS
ORD-000351,SOYBEANS,ACC-043,TRD-027,SELL,MARKET,,300,300,2024-02-15,15:23:04.426,FILLED,DAY,EXE-000351,XXXX
ORD-000361,COP,ACC-008,TRD-003,SELL,MARKET,,300,300,2024-02-16,09:28:19.189,FILLED,DAY,EXE-000361,XNYS
ORD-000360,HD,ACC-032,TRD-040,BUY,MARKET,,150,150,2024-02-16,10:24:57.933,FILLED,DAY,EXE-000360,XNYS
ORD-000357,GS,ACC-078,TRD-011,BUY,MARKET,,50,50,2024-02-16,10:43:47.097,FILLED,DAY,EXE-000357,XNYS
ORD-000363,NQ_FUT,ACC-003,TRD-001,SELL,MARKET,,1,1,2024-02-16,10:44:44.969,FILLED,DAY,EXE-000363,XCME
ORD-000358,SOYBEANS,ACC-011,TRD-001,BUY,MARKET,,500,500,2024-02-16,11:18:08.067,FILLED,DAY,EXE-000358,XXXX
ORD-000359,V,ACC-049,TRD-032,SELL,MARKET,,500,500,2024-02-16,11:30:09.815,FILLED,DAY,EXE-000359,XNYS
ORD-000362,TSLA_P200,ACC-024,TRD-006,SELL,MARKET,,10,10,2024-02-16,12:12:45.542,FILLED,DAY,EXE-000362,XCBO
ORD-000355,MSFT,ACC-076,TRD-016,BUY,MARKET,,500,500,2024-02-16,12:13:34.732,FILLED,DAY,EXE-000355,XNAS
ORD-000356,COPPER,ACC-004,TRD-009,BUY,MARKET,,200,200,2024-02-16,13:25:36.128,FILLED,DAY,EXE-000356,XXXX
ORD-000370,TSLA_C250,ACC-004,TRD-013,SELL,MARKET,,20,20,2024-02-19,09:02:35.426,FILLED,DAY,EXE-000370,XCBO
ORD-000371,AMZN_C180,ACC-036,TRD-008,SELL,MARKET,,20,20,2024-02-19,09:10:41.618,FILLED,DAY,EXE-000371,XCBO
ORD-000367,SOYBEANS,ACC-026,TRD-037,BUY,MARKET,,50,50,2024-02-19,10:08:38.736,FILLED,DAY,EXE-000367,XXXX
ORD-000368,USDCAD,ACC-044,TRD-046,BUY,MARKET,,500,500,2024-02-19,10:21:31.215,FILLED,DAY,EXE-000368,XXXX
ORD-000366,NKE,ACC-021,TRD-032,SELL,MARKET,,150,150,2024-02-19,10:51:27.280,FILLED,DAY,EXE-000366,XNYS
ORD-000372,NVDA_C500,ACC-002,TRD-014,SELL,MARKET,,5,5,2024-02-19,11:52:40.620,FILLED,DAY,EXE-000372,XCBO
ORD-000364,WHEAT,ACC-078,TRD-041,SELL,MARKET,,100,100,2024-02-19,13:00:26.237,FILLED,DAY,EXE-000364,XXXX
ORD-000373,ZB_FUT,ACC-006,TRD-011,SELL,MARKET,,1,1,2024-02-19,13:21:59.384,FILLED,DAY,EXE-000373,XCME
ORD-000369,DIS,ACC-016,TRD-004,SELL,MARKET,,50,50,2024-02-19,13:51:19.982,FILLED,DAY,EXE-000369,XNYS
ORD-000365,V,ACC-098,TRD-031,BUY,MARKET,,500,500,2024-02-19,15:15:25.239,FILLED,DAY,EXE-000365,XNYS
ORD-000378,PFE,ACC-036,TRD-048,BUY,MARKET,,200,200,2024-02-20,09:10:21.806,FILLED,DAY,EXE-000378,XNYS
ORD-000380,META,ACC-100,TRD-045,BUY,MARKET,,150,150,2024-02-20,10:59:50.061,FILLED,DAY,EXE-000380,XNAS
ORD-000375,COST,ACC-052,TRD-027,SELL,MARKET,,100,100,2024-02-20,11:14:34.048,FILLED,DAY,EXE-000375,XNAS
ORD-000377,MSFT,ACC-062,TRD-033,BUY,MARKET,,100,100,2024-02-20,11:35:12.534,FILLED,DAY,EXE-000377,XNAS
ORD-000376,MA,ACC-085,TRD-043,BUY,MARKET,,100,100,2024-02-20,12:26:27.376,FILLED,DAY,EXE-000376,XNYS
ORD-000381,AMZN_C180,ACC-050,TRD-021,BUY,MARKET,,5,5,2024-02-20,13:43:35.919,FILLED,DAY,EXE-000381,XCBO
ORD-000374,NKE,ACC-073,TRD-034,BUY,MARKET,,500,500,2024-02-20,13:49:39.692,FILLED,DAY,EXE-000374,XNYS
ORD-000379,COPPER,ACC-097,TRD-048,SELL,MARKET,,500,500,2024-02-20,15:18:46.245,FILLED,DAY,EXE-000379,XXXX
ORD-000382,CL_FUT,ACC-008,TRD-014,BUY,MARKET,,1,1,2024-02-20,15:59:45.195,FILLED,DAY,EXE-000382,XCME
ORD-000391,AAPL_P140,ACC-042,TRD-016,SELL,MARKET,,20,20,2024-02-21,09:15:36.667,FILLED,DAY,EXE-000391,XCBO
ORD-000388,TSLA,ACC-022,TRD-037,BUY,MARKET,,100,100,2024-02-21,09:54:00.470,FILLED,DAY,EXE-000388,XNAS
ORD-000384,AUDUSD,ACC-047,TRD-012,SELL,MARKET,,200,200,2024-02-21,10:33:34.289,FILLED,DAY,EXE-000384,XXXX
ORD-000387,GBPUSD,ACC-091,TRD-041,BUY,MARKET,,50,50,2024-02-21,10:40:20.623,FILLED,DAY,EXE-000387,XXXX
ORD-000389,SILVER,ACC-037,TRD-027,SELL,MARKET,,500,500,2024-02-21,11:24:45.104,FILLED,DAY,EXE-000389,XXXX
ORD-000390,AMZN_C180,ACC-006,TRD-018,BUY,MARKET,,10,10,2024-02-21,12:13:35.571,FILLED,DAY,EXE-000390,XCBO
ORD-000392,NQ_FUT,ACC-027,TRD-002,SELL,MARKET,,1,1,2024-02-21,12:28:20.439,FILLED,DAY,EXE-000392,XCME
ORD-000386,COPPER,ACC-045,TRD-039,SELL,MARKET,,50,50,2024-02-21,12:44:40.163,FILLED,DAY,EXE-000386,XXXX
ORD-000385,USDCAD,ACC-065,TRD-044,BUY,MARKET,,150,150,2024-02-21,13:37:56.408,FILLED,DAY,EXE-000385,XXXX
ORD-000383,TSLA,ACC-032,TRD-042,BUY,MARKET,,50,50,2024-02-21,15:01:40.995,FILLED,DAY,EXE-000383,XNAS
ORD-000397,AMZN,ACC-094,TRD-019,SELL,MARKET,,50,50,2024-02-22,09:24:15.562,FILLED,DAY,EXE-000397,XNAS
ORD-000396,NAT_GAS,ACC-068,TRD-006,BUY,MARKET,,200,200,2024-02-22,09:31:57.406,FILLED,DAY,EXE-000396,XXXX
ORD-000394,BAC,ACC-015,TRD-005,BUY,MARKET,,150,150,2024-02-22,11:13:22.273,FILLED,DAY,EXE-000394,XNYS
ORD-000401,TSLA_P200,ACC-014,TRD-023,SELL,MARKET,,10,10,2024-02-22,11:27:53.958,FILLED,DAY,EXE-000401,XCBO
ORD-000393,V,ACC-074,TRD-044,BUY,MARKET,,300,300,2024-02-22,11:34:18.375,FILLED,DAY,EXE-000393,XNYS
ORD-000398,NKE,ACC-095,TRD-031,BUY,MARKET,,500,500,2024-02-22,12:48:57.803,FILLED,DAY,EXE-000398,XNYS
ORD-000400,AAPL_P140,ACC-043,TRD-007,SELL,MARKET,,10,10,2024-02-22,13:23:49.171,FILLED,DAY,EXE-000400,XCBO
ORD-000399,TSLA_C250,ACC-030,TRD-023,BUY,MARKET,,20,20,2024-02-22,14:22:02.518,FILLED,DAY,EXE-000399,XCBO
ORD-000395,MSFT,ACC-008,TRD-028,BUY,MARKET,,500,500,2024-02-22,14:31:17.777,FILLED,DAY,EXE-000395,XNAS
ORD-000406,HD,ACC-012,TRD-036,BUY,MARKET,,100,100,2024-02-23,09:42:03.279,FILLED,DAY,EXE-000406,XNYS
ORD-000407,MRK,ACC-033,TRD-030,SELL,MARKET,,300,300,2024-02-23,09:55:13.095,FILLED,DAY,EXE-000407,XNYS
ORD-000411,UNH,ACC-071,TRD-033,BUY,MARKET,,100,100,2024-02-23,11:19:16.277,FILLED,DAY,EXE-000411,XNYS
ORD-000404,AAPL,ACC-007,TRD-044,BUY,MARKET,,50,50,2024-02-23,11:21:17.837,FILLED,DAY,EXE-000404,XNYS
ORD-000405,GS,ACC-100,TRD-028,BUY,MARKET,,200,200,2024-02-23,12:40:43.069,FILLED,DAY,EXE-000405,XNYS
ORD-000409,META,ACC-100,TRD-018,BUY,MARKET,,150,150,2024-02-23,13:38:33.344,FILLED,DAY,EXE-000409,XNAS
ORD-000410,XOM,ACC-046,TRD-032,SELL,MARKET,,300,300,2024-02-23,13:39:17.471,FILLED,DAY,EXE-000410,XNYS
ORD-000408,GBPUSD,ACC-025,TRD-033,BUY,MARKET,,300,300,2024-02-23,14:59:34.416,FILLED,DAY,EXE-000408,XXXX
ORD-000402,WHEAT,ACC-074,TRD-014,BUY,MARKET,,100,100,2024-02-23,15:02:37.004,FILLED,DAY,EXE-000402,XXXX
ORD-000403,META,ACC-091,TRD-040,BUY,MARKET,,150,150,2024-02-23,15:27:34.693,FILLED,DAY,EXE-000403,XNAS
ORD-000412,NVDA_C500,ACC-027,TRD-020,BUY,MARKET,,50,50,2024-02-23,15:51:28.878,FILLED,DAY,EXE-000412,XCBO
ORD-000421,NVDA_C500,ACC-050,TRD-018,BUY,MARKET,,20,20,2024-02-26,09:41:30.504,FILLED,DAY,EXE-000421,XCBO
ORD-000422,CL_FUT,ACC-022,TRD-004,SELL,MARKET,,10,10,2024-02-26,11:20:34.681,FILLED,DAY,EXE-000422,XCME
ORD-000414,CVX,ACC-073,TRD-002,BUY,MARKET,,300,300,2024-02-26,11:36:18.660,FILLED,DAY,EXE-000414,XNYS
ORD-000415,COP,ACC-033,TRD-020,BUY,MARKET,,150,150,2024-02-26,11:43:22.784,FILLED,DAY,EXE-000415,XNYS
ORD-000419,MS,ACC-017,TRD-025,SELL,MARKET,,100,100,2024-02-26,12:30:58.133,FILLED,DAY,EXE-000419,XNYS
ORD-000417,MRK,ACC-095,TRD-008,BUY,MARKET,,50,50,2024-02-26,12:34:55.127,FILLED,DAY,EXE-000417,XNYS
ORD-000413,COST,ACC-086,TRD-021,SELL,MARKET,,200,200,2024-02-26,13:16:08.031,FILLED,DAY,EXE-000413,XNAS
ORD-000416,META,ACC-079,TRD-032,BUY,MARKET,,50,50,2024-02-26,13:57:48.140,FILLED,DAY,EXE-000416,XNAS
ORD-000420,MRK,ACC-035,TRD-033,BUY,MARKET,,200,200,2024-02-26,14:09:06.574,FILLED,DAY,EXE-000420,XNYS
ORD-000418,COST,ACC-090,TRD-009,SELL,MARKET,,300,300,2024-02-26,15:31:49.048,FILLED,DAY,EXE-000418,XNAS
ORD-000435,ZB_FUT,ACC-003,TRD-008,SELL,MARKET,,2,2,2024-02-27,09:19:13.062,FILLED,DAY,EXE-000435,XCME
ORD-000423,MA,ACC-035,TRD-040,SELL,MARKET,,200,200,2024-02-27,09:33:39.021,FILLED,DAY,EXE-000423,XNYS
ORD-000424,EURUSD,ACC-036,TRD-031,BUY,MARKET,,500,500,2024-02-27,10:08:44.724,FILLED,DAY,EXE-000424,XXXX
ORD-000429,COPPER,ACC-079,TRD-047,SELL,MARKET,,100,100,2024-02-27,10:10:49.847,FILLED,DAY,EXE-000429,XXXX
ORD-000430,V,ACC-073,TRD-004,BUY,MARKET,,300,300,2024-02-27,10:24:14.344,FILLED,DAY,EXE-000430,XNYS
ORD-000434,TSLA_P200,ACC-048,TRD-018,SELL,MARKET,,5,5,2024-02-27,10:47:57.635,FILLED,DAY,EXE-000434,XCBO
ORD-000425,TSLA,ACC-097,TRD-015,BUY,MARKET,,150,150,2024-02-27,11:01:53.706,FILLED,DAY,EXE-000425,XNAS
ORD-000427,AAPL,ACC-034,TRD-045,BUY,MARKET,,300,300,2024-02-27,11:09:27.052,FILLED,DAY,EXE-000427,XNYS
ORD-000431,V,ACC-060,TRD-003,SELL,MARKET,,50,50,2024-02-27,12:15:37.839,FILLED,DAY,EXE-000431,XNYS
ORD-000426,WHEAT,ACC-007,TRD-011,BUY,MARKET,,50,50,2024-02-27,12:49:47.362,FILLED,DAY,EXE-000426,XXXX
ORD-000433,TSLA_P200,ACC-011,TRD-003,BUY,MARKET,,20,20,2024-02-27,15:16:20.055,FILLED,DAY,EXE-000433,XCBO
ORD-000428,XOM,ACC-001,TRD-035,SELL,MARKET,,100,100,2024-02-27,15:26:22.580,FILLED,DAY,EXE-000428,XNYS
ORD-000432,BAC,ACC-085,TRD-033,BUY,MARKET,,100,100,2024-02-27,15:55:25.443,FILLED,DAY,EXE-000432,XNYS
ORD-000437,GBPUSD,ACC-089,TRD-011,BUY,MARKET,,50,50,2024-02-28,10:28:29.352,FILLED,DAY,EXE-000437,XXXX
ORD-000442,TSLA_P200,ACC-025,TRD-018,SELL,MARKET,,5,5,2024-02-28,11:50:24.728,FILLED,DAY,EXE-000442,XCBO
ORD-000440,CORN,ACC-004,TRD-043,SELL,MARKET,,150,150,2024-02-28,12:18:52.194,FILLED,DAY,EXE-000440,XXXX
ORD-000441,GOLD,ACC-096,TRD-016,BUY,MARKET,,150,150,2024-02-28,12:40:54.313,FILLED,DAY,EXE-000441,XXXX
ORD-000438,NAT_GAS,ACC-040,TRD-014,BUY,MARKET,,300,300,2024-02-28,13:11:50.278,FILLED,DAY,EXE-000438,XXXX
ORD-000439,JPM,ACC-036,TRD-049,BUY,MARKET,,300,300,2024-02-28,13:32:59.461,FILLED,DAY,EXE-000439,XNYS
ORD-000443,CL_FUT,ACC-028,TRD-005,SELL,MARKET,,1,1,2024-02-28,13:51:27.560,FILLED,DAY,EXE-000443,XCME
ORD-000436,MS,ACC-065,TRD-048,BUY,MARKET,,200,200,2024-02-28,14:24:40.531,FILLED,DAY,EXE-000436,XNYS
ORD-000444,JPM,ACC-051,TRD-041,BUY,MARKET,,150,150,2024-02-29,10:50:43.394,FILLED,DAY,EXE-000444,XNYS
ORD-000450,CRUDE_OIL,ACC-038,TRD-017,BUY,MARKET,,200,200,2024-02-29,12:48:09.472,FILLED,DAY,EXE-000450,XXXX
ORD-000452,AAPL_P140,ACC-011,TRD-008,SELL,MARKET,,10,10,2024-02-29,12:51:32.108,FILLED,DAY,EXE-000452,XCBO
ORD-000446,JNJ,ACC-075,TRD-031,SELL,MARKET,,500,500,2024-02-29,14:01:34.720,FILLED,DAY,EXE-000446,XNYS
ORD-000447,GOLD,ACC-057,TRD-001,BUY,MARKET,,50,50,2024-02-29,14:32:17.788,FILLED,DAY,EXE-000447,XXXX
ORD-000451,AAPL_P140,ACC-033,TRD-013,SELL,MARKET,,5,5,2024-02-29,14:49:37.217,FILLED,DAY,EXE-000451,XCBO
ORD-000445,V,ACC-020,TRD-023,BUY,MARKET,,500,500,2024-02-29,14:58:18.205,FILLED,DAY,EXE-000445,XNYS
ORD-000448,MRK,ACC-038,TRD-022,BUY,MARKET,,500,500,2024-02-29,15:11:36.420,FILLED,DAY,EXE-000448,XNYS
ORD-000449,NAT_GAS,ACC-063,TRD-029,BUY,MARKET,,300,300,2024-02-29,15:46:57.975,FILLED,DAY,EXE-000449,XXXX
